"Bike","Description","Price","Year","Location","State","Listed","Source"
"300XC-W","2017 KTM 300 XC-W SIX DAYS REGISTERED AND PLATED IL","$10,500","2017","Lisle","IL","08/07/17 1:45 pm (2 days ago)","Craigslist"
"KTM 525","2008 KTM 530 excR supermoto","$8,500","2008","New York","NY","08/06/17 1:49 pm (3 days ago)","Craigslist"
"250XC-W","2015 KTM 250 XC-W","$8,500","2015","Santa Clarita","CA","08/09/17 12:03 pm (5 hours ago)","Cycle Trader"
"KTM 200","KTM 1190 Adventure - Less than 200 miles on ODO!! Brand new off dealer lot.","$8,100 (auction)","2015","Berkley","MI","08/09/17 4:41 pm (23 minutes ago)","eBay"
"300XC","13 hrs! KTM 2017 300xc","$7,999","2017","Rio Rancho","NM","08/07/17 10:51 pm (1 day ago)","Craigslist"
"300XC","KTM 300xc 13 hrs!","$7,900","2013","Rio Rancho","NM","08/08/17 2:55 pm (1 day ago)","Craigslist"
"250XC-W","BRAND NEW 017 17 KTM 250XCW 250 XC-W YEAR END CLOSEOUT BUY IT NOW $7799","$7,799","2017","Jonesboro","AR","08/05/17 3:02 pm (4 days ago)","eBay"
"KTM 250","2016 KTM XC 250 New","$7,790","2016","Ridgeland","MS","08/08/17 10:19 pm (18 hours ago)","eBay"
"CR250","2002 Honda CR250R","$7,700","2002","Hollywood","FL","08/08/17 4:38 pm (1 day ago)","eBay"
"250XC-W","2017 ktm 250 xcw","$7,600","2017","Spokane","WA","08/05/17 7:20 pm (3 days ago)","Craigslist"
"250XC","2017 KTM 250 XC","$7,600","2017","Kirkland","WA","08/08/17 12:00 am (1 day ago)","Cycle Trader"
"300XC-W","2017 KTM 300 XC-W Dual Sport","$7,500","2017","walnut creek","CA","08/07/17 2:44 am (2 days ago)","Craigslist"
"KTM 200","2016 KTM 200","$7,500","2016","Maui","HI","08/08/17 3:34 am (1 day ago)","Craigslist"
"CR250","1980 cr250 works bike conversion marty tripes 1979 rc250","$7,500","1980","Anaheim","CA","08/03/17 2:27 pm (6 days ago)","eBay"
"300XC-W","2014 KTM 300 XC-W","$7,500","2014","Canon City","CO","08/01/17 12:00 am (8 days ago)","Cycle Trader"
"KTM 250","2017 KTM 250SX","$7,400","2017","petaluma","CA","08/05/17 1:43 pm (4 days ago)","Craigslist"
"KTM 200","KTM 200 LOADED 200 MILES","$7,400","2016","fairfield / vacaville","CA","08/06/17 11:48 pm (2 days ago)","Craigslist"
"YZ250","New 2018 Yamaha YZ250 2-stroke -------$200 blu-cru rebate","$7,399","2018","Johnson Creek","WI","08/04/17 9:46 pm (4 days ago)","eBay"
"300XC-W","2016 KTM 300 XCW","$7,300","2016","North Tacoma","WA","08/08/17 7:09 pm (21 hours ago)","Craigslist"
"250XC","2017 KTM 250 XC","$7,200","2017","Auburn, AL","AL","08/05/17 1:38 pm (4 days ago)","Craigslist"
"200XC-W","2015 KTM 200 XC-W Like New","$7,200","2015","Bend","OR","08/09/17 6:01 am (11 hours ago)","Craigslist"
"250XC","2017 KTM 250 XC","$7,200","2017","Auburn","AL","08/01/17 12:00 am (8 days ago)","Cycle Trader"
"KTM 525","2010 KTM 530 EXC 35th Annv Edition","$7,000","2010","Roseville","CA","08/08/17 2:57 am (1 day ago)","Craigslist"
"KX250","2017 KX 250","$7,000","2017","Irvine","CA","08/07/17 8:59 am (2 days ago)","Craigslist"
"300XC-W","2014 Ktm 300 xcw 6 days","$7,000","2014","Westerliegh","NY","08/06/17 1:57 pm (3 days ago)","Craigslist"
"KX250","KX 250","$7,000","","Victorville","CA","08/07/17 9:05 am (2 days ago)","Craigslist"
"KTM 250","2017 KTM 250sx","$6,950","2017","Smyrna","GA","08/08/17 1:08 am (1 day ago)","Craigslist"
"KTM 525","2009 KTM 530 EXC - Street Legal - Tons of extras","$6,750","2009","Sherwood","OR","08/07/17 6:12 pm (1 day ago)","Craigslist"
"CR500","1997 Honda CR 500","$6,700","1997","North Andover MA","MA","08/07/17 1:35 pm (2 days ago)","Craigslist"
"200XC-W","2016 KTM 200XC-W 200 XC-W 10 original hours XCW","$6,700","2016","Bremerton","WA","08/09/17 2:20 am (14 hours ago)","Craigslist"
"300XC","2015 KTM 300 XC","$6,700","2015","Auburn","WA","08/07/17 11:40 pm (1 day ago)","Craigslist"
"KTM 250","2017 KTM Freeride 250 R","$6,700","2017","Lafayette","IN","08/07/17 1:23 pm (2 days ago)","Craigslist"
"YZ250","New 2017 Yamaha YZ250 2-stroke $6699","$6,699","2017","Johnson Creek","WI","08/03/17 3:00 pm (6 days ago)","eBay"
"YZ250","2017 YAMAHA YZ250 2-STROKE RACING MOTOCROSS MOTORCYCLE 0 MILES BUY IT NOW $6699","$6,699","2017","Port Washington","WI","08/08/17 7:45 pm (21 hours ago)","eBay"
"KTM 525","KTM 530 super Moto","$6,500","2008","Gaithersburg","MD","08/06/17 3:08 am (3 days ago)","Craigslist"
"KTM 250","KTM 250 xc-f 2016","$6,500","2016","north Portland","OR","08/06/17 6:27 pm (2 days ago)","Craigslist"
"300XC","14 KTM 300xc","$6,500","2014","Kuna","ID","08/08/17 12:53 am (1 day ago)","Craigslist"
"KTM 250","KTM 250 xc-f 2016","$6,500","2016","north Portland","OR","08/08/17 4:49 pm (1 day ago)","Craigslist"
"300XC-W","2014 Husqvarna TE 300 (KTM 300 xcw xc)","$6,500","2014","Torrance","CA","08/05/17 7:03 pm (3 days ago)","Craigslist"
"300XC","2015 ktm 300xc Street legal","$6,500","2015","Waynesville","NC","08/08/17 3:11 pm (1 day ago)","Craigslist"
"KTM 525","KTM 525 EXC for sale","$6,500","","El cajon","CA","08/08/17 4:27 pm (1 day ago)","Craigslist"
"300XC","2014 KTM 300 XC","$6,499","2014","Resaca","GA","08/03/17 12:00 am (6 days ago)","Cycle Trader"
"150XC","KTM 150SX 2017","$6,285","2017","Reedsville","WI","08/02/17 8:23 pm (6 days ago)","eBay"
"KTM 250","2016 ktm 250 xcf","$6,250","2016","marysville","WA","08/06/17 6:44 pm (2 days ago)","Craigslist"
"YZ250","2017 Yamaha YZ 250","$6,250","2017","Villa Park","IL","07/22/17 12:00 am (18 days ago)","Cycle Trader"
"200XC-W","2015 ktm 200 xcw","$6,200","2015","Seattle","WA","08/06/17 1:10 am (3 days ago)","Craigslist"
"300XC","Ktm 300 xc","$6,200","","West","HI","08/08/17 4:56 pm (1 day ago)","Craigslist"
"200XC-W","KTM 200 xcw 2013 street legal","$6,000","2013","Charleston","SC","08/08/17 3:43 am (1 day ago)","Craigslist"
"KTM 250","2016 KTM 250 SX","$6,000","2016","Denver","CO","08/05/17 4:23 pm (4 days ago)","Craigslist"
"KTM 250","2016 KTM 250 SX","$6,000","2016","Denver","CO","08/07/17 10:26 pm (1 day ago)","Craigslist"
"KTM 525","? KTM exc-r 530?","$6,000","2008","Shakopee","MN","08/08/17 2:03 am (1 day ago)","Craigslist"
"KTM 525","2011 KTM 530 EXC immaculate race ready but street legal","$6,000","2011","Henderson","NV","08/07/17 11:53 pm (1 day ago)","Craigslist"
"YZ125","2017 Yamaha YZ125's","$5,999","2017","Chula Vista","CA","08/05/17 8:10 pm (3 days ago)","Craigslist"
"KX250","NEW 2017 KAWASAKI KX250F KX252 BLOWOUT SALE!! KX250 KX 250 NO HIDDEN FEES!!","$5,998","2017","Rockingham","NC","08/08/17 10:28 pm (18 hours ago)","eBay"
"KTM 525","2009 KTM 530 EXC-R","$5,950","2009","Scripps Ranch","CA","08/06/17 5:20 pm (2 days ago)","Craigslist"
"150XC","2017 KTM 150SX Brand New - Never Ridden","$5,900","2017","Middleton","MA","08/05/17 9:36 pm (3 days ago)","Craigslist"
"KTM 250","2015 KTM XC 250","$5,900","2015","Murrieta","CA","08/04/17 12:00 am (5 days ago)","Cycle Trader"
"YZ125","2005 Yamaha YZ125 ( full Race) Fresh and Fast ER 134 (125 Dream Race","$5,899","2005","Hillsboro","WA","08/05/17 1:16 pm (4 days ago)","Craigslist"
"YZ125","2017 YAMAHA YZ125 2-STROKE RACING MOTOCROSS MOTORCYCLE 0 MILES BUY IT NOW $5899","$5,899","2017","Port Washington","WI","08/08/17 7:45 pm (21 hours ago)","eBay"
"KTM 250","2017 KTM 250sx","$5,800","2017","Montgomery, TX","TX","08/07/17 2:33 am (2 days ago)","Craigslist"
"200XC-W","2015 ktm 200 xcw 54 hours","$5,800","2015","Arlington","TN","08/06/17 12:01 am (3 days ago)","Craigslist"
"YZ250","2017 Yz250","$5,800","2017","Fairfield","CT","08/05/17 7:48 pm (3 days ago)","Craigslist"
"KTM 250","2017 KTM 250SX","$5,800","2017","Montgomery, TX","TX","08/07/17 2:33 am (2 days ago)","Craigslist"
"CR500","Honda Motocross CR 500","$5,800 (auction)","1997","North Andover","MA","08/07/17 1:20 pm (2 days ago)","eBay"
"150XC","2017 KTM 150SX","$5,800","2017","Sudbury","MA","08/05/17 8:13 pm (3 days ago)","Craigslist"
"300XC","2014 KTM 300 XC","$5,800","2014","Kilgore","TX","07/24/17 12:00 am (16 days ago)","Cycle Trader"
"KTM 200","KTM 200 2015","$5,759","2015","Plattsmouth","NE","08/06/17 12:13 am (3 days ago)","Craigslist"
"300XC-W","KTM 300XCW","$5,750","2013","Grand rapids","MI","08/09/17 2:06 am (14 hours ago)","Craigslist"
"KTM 525","2010 KTM 530 XC-W","$5,700","2010","Emmetsburg","IA","07/27/17 12:00 am (13 days ago)","Cycle Trader"
"KTM 525","2007 KTM 525 EXC- Street Legal - Spec'd Out","$5,600","2007","Serra Mesa","CA","08/05/17 2:55 pm (4 days ago)","Craigslist"
"YZ125","2017 Yamaha yz125 2 Stroke","$5,600","2017","Lowell","NC","08/05/17 7:11 pm (3 days ago)","Craigslist"
"300XC","2013 KTM 300 XC","$5,600","2013","Canton","MI","08/06/17 5:23 pm (2 days ago)","Craigslist"
"300XC","2013 KTM 300 XC","$5,600","2013","Canton","MI","08/06/17 12:00 am (3 days ago)","Cycle Trader"
"KTM 250","2013 KTM 250 sx","$5,500","2013","Boardman","OH","08/07/17 3:51 pm (2 days ago)","Craigslist"
"300XC-W","2014 ktm 300 xcw 2 stroke electric start","$5,500","2014","santa rosa","CA","08/06/17 7:08 pm (2 days ago)","Craigslist"
"KX250","2017 Kawasaki KX 250","$5,500","2017","Woodway","TX","08/05/17 11:34 pm (3 days ago)","Craigslist"
"KTM 525","2005 KTM 525 MXC Electric Start, Low hours / broke my foot 2006","$5,500","2005","Tacoma Puyallup","WA","08/06/17 5:24 am (3 days ago)","Craigslist"
"300XC","Nice KTM 300 XC Adult ridden and maintained","$5,500","2014","Carolina","WV","08/05/17 12:40 am (4 days ago)","eBay"
"150XC","2017 KTM 150 SX","$5,500","2017","san bruno","CA","08/07/17 6:15 pm (1 day ago)","Craigslist"
"KTM 250","2016 1/2 KTM 250 SX F Factory Edition","$5,500","2016","Jamestown","IN","08/05/17 6:17 am (4 days ago)","Craigslist"
"KTM 250","2015 KTM 250 XCF","$5,500","2015","Germantown","MD","08/08/17 10:22 pm (18 hours ago)","Craigslist"
"150XC","2017 KTM 150 sx","$5,500","2017","Santa Monica","CA","08/07/17 6:16 pm (1 day ago)","Craigslist"
"150XC","2017 KTM 150sx ~Tons of Extras ~","$5,500","2017","Buffalo","MN","08/05/17 2:10 pm (4 days ago)","Craigslist"
"KTM 525","2009 KTM EXC 530","$5,500","2009","Fillmore","CA","07/25/17 12:00 am (15 days ago)","Cycle Trader"
"250XC","2009 KTM 250 XC","$5,500","2009","Gig Harbor","WA","08/04/17 12:00 am (5 days ago)","Cycle Trader"
"KTM 525","2008 KTM 530","$5,400","2008","Santa Ynez","CA","08/06/17 12:00 am (3 days ago)","Cycle Trader"
"300XC","2015 KTM 300xc","$5,300","2015","Spicewood","TX","08/07/17 8:09 pm (1 day ago)","Craigslist"
"YZ250","2016 Yamaha YZ250","$5,300","2016","Denver","CO","08/08/17 4:56 am (1 day ago)","Craigslist"
"300XC","2012 KTM 300 XC","$5,300","2012","Smyrna","GA","07/24/17 12:00 am (16 days ago)","Cycle Trader"
"KTM 525","2007 KTM 525 EXC Loaded","$5,200","2007","La Mesa","CA","08/05/17 8:16 pm (3 days ago)","Craigslist"
"KTM 525","KTM 530 EXC","$5,200","2008","Oceanside","CA","08/09/17 5:29 am (11 hours ago)","Craigslist"
"KTM 250","2015 KTM 250 SX","$5,200","2015","Denver","NC","08/05/17 2:44 am (4 days ago)","Craigslist"
"YZ125","2015 Yamaha YZ125","$5,200","2015","Denver","NC","08/05/17 2:44 am (4 days ago)","Craigslist"
"CR250","1979 Honda CR 250 Restored!","$5,200","1979","Lawrenceville","GA","07/21/17 12:27 am (19 days ago)","eBay"
"KTM 250","2014 KTM 250 SX","$5,200","2014","Upper Saddle River","NJ","08/09/17 2:31 pm (2 hours ago)","Craigslist"
"KTM 525","2007 KTM 525","$5,200","2007","La Mesa","CA","07/31/17 12:00 am (9 days ago)","Cycle Trader"
"300XC","2012 KTM 300xc","$5,100","2012","vallejo / benicia","CA","08/07/17 9:17 pm (1 day ago)","Craigslist"
"YZ250","2015 yz250 low hours all orig","$5,100","2015","concord / pleasant hill / martinez","CA","08/07/17 7:51 am (2 days ago)","Craigslist"
"YZ250","1981 Yamaha YZ250 YZ250H Mint Condition Vintage MX Bike 100% original","$5,000","1981","Bedford","TX","08/08/17 12:58 am (1 day ago)","Craigslist"
"YZ250","2014 Yamaha YZ250","$5,000","2014","Cornelius","NC","08/06/17 11:50 pm (2 days ago)","Craigslist"
"KX 500","Street legal kx500 in 250f frame","$5,000","2010","Colfax","CA","08/05/17 2:51 am (4 days ago)","Craigslist"
"250XC","2013 KTM 250XC","$5,000","2013","Columbus, Indiana","IN","08/06/17 12:57 am (3 days ago)","Craigslist"
"250XC","2014 Ktm 250xc","$5,000","2014","russian river","CA","08/05/17 9:35 pm (3 days ago)","Craigslist"
"KX 500","1994 kx 500","$5,000","1994","Port orchard","WA","08/06/17 5:24 am (3 days ago)","Craigslist"
"CR250","2002 CR250R","$5,000","2002","Rocklin","CA","08/05/17 6:08 am (4 days ago)","Craigslist"
"YZ250","Yz250 S Yamaha","$5,000","2015","Meridian","ID","08/08/17 1:32 pm (1 day ago)","Craigslist"
"YZ250","1981 Yamaha YZ250 YZ250H Mint Condition Vintage MX Bike 100% originaL","$5,000","1981","Hurst","TX","08/08/17 12:59 am (1 day ago)","Craigslist"
"200XC-W","2005 KTM 200 exc and a 2006 KTM 200 xcw","$5,000","2005","Royal Palm Beach","FL","08/06/17 1:51 am (3 days ago)","Craigslist"
"150XC","2013 ktm 150sx converted into ktm 200 trail weapon","$5,000","2013","galt","CA","08/05/17 1:12 am (4 days ago)","Craigslist"
"300XC-W","KTM 300 XCW Street Legal","$5,000","2008","La Center","WA","08/08/17 1:58 pm (1 day ago)","Craigslist"
"YZ125","2015 Yamaha YZ 125","$5,000","2015","Maple Hill","NC","07/27/17 12:00 am (13 days ago)","Cycle Trader"
"YZ250","2014 Yamaha YZ 250","$5,000","2014","Erie","PA","07/28/17 12:00 am (12 days ago)","Cycle Trader"
"KTM 250","2014 KTM 250 XC-F","$5,000","2014","Amarillo","TX","08/06/17 12:00 am (3 days ago)","Cycle Trader"
"300XC","Street Legal 2011 KTM 300 XC 2 Stroke electric start - Extremely Rareï¿½","$4,999","2011","NW Vegas","NV","08/07/17 6:41 pm (1 day ago)","Craigslist"
"CR125","1975 HONDA CR125M ELSINORE DG RACER CR125 RESTORED AHRMA VINTAGE","$4,999","1975","KYLE","TX","08/08/17 12:01 am (1 day ago)","Craigslist"
"CR250","LIKE NEW HONDA CR250 MUST SEE 2 STROKE DIRT BIKE","$4,999","","Chandler","AZ","08/06/17 8:43 pm (2 days ago)","Craigslist"
"KTM 525","2007 KTM 525 EXC clean LOW MILES! RELIABLE","$4,950","2007","SilverLake","CA","08/07/17 11:07 pm (1 day ago)","Craigslist"
"KTM 300","KTM RC390 Like New Only 300 Miles","$4,900","","Tacoma","WA","08/06/17 2:22 pm (3 days ago)","Craigslist"
"YZ250","2012 YZ250 two stroke","$4,900","2012","Fountain Hills","AZ","08/05/17 7:47 pm (3 days ago)","Craigslist"
"150XC","2014 KTM 150SX","$4,900","2014","Terrell","TX","08/09/17 2:19 am (14 hours ago)","Craigslist"
"CR250","1979 Honda CR 250 Elsinore","$4,800","1979","Arlington","WA","08/05/17 3:34 am (4 days ago)","Craigslist"
"YZ250","2015 YZ 250","$4,800","2015","Olympia","WA","08/08/17 2:29 am (1 day ago)","Craigslist"
"150XC","2014 KTM 150 SX","$4,800","2014","Denver","CO","08/05/17 4:23 pm (4 days ago)","Craigslist"
"YZ250","2015 Yamaha YZ 250 (low hours)","$4,800","2015","Eden Prairie","MN","08/06/17 2:53 am (3 days ago)","Craigslist"
"300XC","2008 KTM 300 XC Full woods race weapon","$4,700","2008","scotts valley","CA","08/08/17 3:46 am (1 day ago)","Craigslist"
"KTM 525","07' KTM 525 EXC Plated","$4,700","2007","San Diego","CA","08/08/17 5:47 pm (23 hours ago)","Craigslist"
"300XC-W","2009 ktm 300 xcw","$4,700","2009","sunnyvale","CA","08/07/17 11:56 am (2 days ago)","Craigslist"
"KTM 250","KTM 250 2014","$4,600","2014","grand rapids","MI","08/09/17 10:20 am (6 hours ago)","Craigslist"
"250XC","2014 Ktm 250 Xc","$4,600","2014","Portland","OR","08/08/17 6:30 pm (22 hours ago)","Craigslist"
"CR500","Honda CR 500 Dirtbike","$4,600","","Long Island","NY","08/08/17 1:45 pm (1 day ago)","Craigslist"
"300XC","2013 KTM 300 XC many extras","$4,600 (auction)","2013","West Lebanon","NH","08/08/17 12:22 pm (1 day ago)","eBay"
"YZ250","2014 Yamaha YZ250 F Used","$4,599","2014","Saint Charles","MO","08/02/17 5:48 pm (6 days ago)","eBay"
"YZ250","2014 Yamaha YZ250 F Used","$4,599","2014","Saint Charles","MO","08/02/17 5:50 pm (6 days ago)","eBay"
"YZ125","2015 YZ 125 YAMAHA DIRTBIKE","$4,599","2015","Burbank","CA","08/07/17 8:27 pm (1 day ago)","Craigslist"
"KTM 250","ktm 250 sx 2013","$4,500","2013","loretto","MN","08/07/17 11:20 pm (1 day ago)","Craigslist"
"250XC-W","Ktm 250 xcw","$4,500","2010","Oregon City","OR","08/06/17 2:32 pm (3 days ago)","Craigslist"
"KTM 250","2014 KTM 250 XC-F","$4,500","2014","McCormick Ranch","AZ","08/08/17 3:20 am (1 day ago)","Craigslist"
"KTM 250","2016 KTM 250sx","$4,500","2016","Montgomery, TX","TX","08/07/17 2:34 am (2 days ago)","Craigslist"
"KTM 250","2015 KTM 250SX 250 SX 2 Stroke Dirt Bike","$4,500","2015","Lancaster","CA","08/06/17 8:10 pm (2 days ago)","Craigslist"
"CR125","2007 cr125r","$4,500","2007","Mission viejo","CA","08/07/17 5:47 am (2 days ago)","Craigslist"
"YZ125","2015 Yamaha YZ 125 Super Clean","$4,500 (auction)","2015","Chapel Hill","NC","08/08/17 10:00 pm (19 hours ago)","eBay"
"KTM 525","2008 KTM 530 EXCR","$4,500","2008","Chicago","IL","08/08/17 12:48 am (1 day ago)","Craigslist"
"250XC","2012 KTM 250 XC","$4,500","2012","Murrieta","CA","08/02/17 12:00 am (7 days ago)","Cycle Trader"
"250XC","2012 KTM 250 XC","$4,500","2012","Murrieta","CA","08/02/17 12:00 am (7 days ago)","Cycle Trader"
"CR500","2001 Honda CR CR500R","$4,495","2001","Corona","CA","08/08/17 5:14 am (1 day ago)","eBay"
"KTM 525","2004 KTM 525 Exc, well maintained, plated","$4,450","2004","Portland","OR","08/08/17 11:49 pm (17 hours ago)","Craigslist"
"CR250","2007 cr 250","$4,400","2007","Indianapolis","IN","08/05/17 4:17 pm (4 days ago)","Craigslist"
"YZ250","2008 Yamaha YZ250 yz 250","$4,300","2008","maui","HI","08/09/17 8:29 am (8 hours ago)","Craigslist"
"KTM 525","2007 KTM 525 XC-W GREEN STICKER ELECTRIC START","$4,200","2007","La","LA","08/07/17 7:12 pm (1 day ago)","Craigslist"
"KTM 250","KTM 250sx","$4,200","2013","Rowlett","TX","08/07/17 3:49 pm (2 days ago)","Craigslist"
"KTM 300","KTM 300","$4,200","2008","dublin / pleasanton / livermore","CA","08/07/17 2:39 am (2 days ago)","Craigslist"
"YZ250","Yamaha Yz250","$4,200","2014","sycamore","IL","08/06/17 12:52 pm (3 days ago)","Craigslist"
"YZ250","Yamaha Yz250","$4,200","2014","sycamore","IL","08/09/17 2:35 pm (2 hours ago)","Craigslist"
"300XC-W","2010 KTM 300 XC-W Electric Start","$4,100","2010","75 th Ave &amp; Camelback","AZ","08/08/17 3:57 am (1 day ago)","Craigslist"
"KTM 525","KTM 525 EXC Plated","$4,100","2003","Olympia","WA","08/09/17 5:57 am (11 hours ago)","Craigslist"
"300XC","2006 KTM 300 XC","$4,000","2006","Buena Vista","CO","08/07/17 1:26 am (2 days ago)","Craigslist"
"KTM 525","03 ktm 525 exc","$4,000","2003","alameda","CA","08/08/17 1:33 am (1 day ago)","Craigslist"
"CR250","2006 Honda CR 250R","$4,000","2006","Snohomish","WA","08/08/17 6:15 pm (22 hours ago)","Craigslist"
"KTM 250","KTM RC390 cbr ninja 250 motorcycle sport bike w ABS","$4,000","2015","brooklyn","NY","08/08/17 7:29 pm (21 hours ago)","Craigslist"
"KX 500","2009 KX500 AF","$4,000","2009","Houston","TX","08/05/17 2:39 pm (4 days ago)","Craigslist"
"CR250","2007 cr250","$4,000","2007","concord / pleasant hill / martinez","CA","08/06/17 2:11 am (3 days ago)","Craigslist"
"CR500","Honda CR500 1987","$4,000","1987","Everett","WA","08/08/17 12:43 am (1 day ago)","Craigslist"
"YZ125","2015 Yamaha YZ125 2 Stroke FMF Exhaust , Gizmo mods motor, Low hrs","$4,000 (auction)","2015","Palm Coast","FL","08/02/17 8:48 pm (6 days ago)","eBay"
"KTM 125 SX","Ktm 125sx","$4,000","2015","East Orlando","FL","08/07/17 6:07 am (2 days ago)","Craigslist"
"YZ250","2014 Yamaha YZ 250","$4,000","2014","Lakeland","FL","07/26/17 12:00 am (14 days ago)","Cycle Trader"
"KTM 525","2003 KTM 525","$4,000","2003","Corona","CA","08/07/17 12:00 am (2 days ago)","Cycle Trader"
"YZ250","Titled 2013 Yamaha yz 250 two stroke","$3,995","2013","Madison","OH","08/08/17 11:21 am (1 day ago)","Craigslist"
"YZ125","2006 Yamaha YZ125 Anniversary Edition with less than 5 hours!","$3,995","2006","Lancaster","NC","08/05/17 3:15 pm (4 days ago)","Craigslist"
"CR250","2006 Honda CR250R","$3,995","2006","Corona","CA","08/03/17 4:38 am (6 days ago)","eBay"
"KTM 250","2014 KTM 250 SX","$3,995","2014","Decatur","AL","08/01/17 12:00 am (8 days ago)","Cycle Trader"
"CR250","SHOWROOM CONDITION 2003 Honda Cr 250r","$3,900","2003","SD","SD","08/09/17 6:07 am (10 hours ago)","Craigslist"
"YZ250","2004 Yamaha yz250","$3,900","2004","Lone tree","CO","08/05/17 3:24 pm (4 days ago)","Craigslist"
"YZ250","2013 yamaha yz 250","$3,900","2013","Orlando","FL","08/07/17 11:32 pm (1 day ago)","Craigslist"
"YZ250","YZ250 2006 Yamaha 2 Stroke","$3,900","2006","Carson City","CA","08/05/17 3:37 pm (4 days ago)","Craigslist"
"YZ250","2006 YZ250 2 Stroke","$3,900","2006","Carson City","NV","08/05/17 3:37 pm (4 days ago)","Craigslist"
"CR250","SHOWROOM CONDITION 2003 Honda Cr250","$3,900","2003","North SD","CA","08/06/17 11:27 pm (2 days ago)","Craigslist"
"KTM 400","Ktm sxc 400 plated supermoto","$3,900","2000","Sacramento","CA","08/05/17 4:29 pm (4 days ago)","Craigslist"
"CR500","2005 RM500 RM250 FRAME W/ 1997 Honda CR500 2 Stroke Motor Engine Motor SOCAL","$3,900","2005","Menifee","CA","08/08/17 4:10 pm (1 day ago)","eBay"
"CR250","SHOWROOM CONDITION 2003 Honda Cr 250r","$3,900","2003","SD","SD","08/05/17 4:53 am (4 days ago)","Craigslist"
"YZ125","2015 Yamaha yz125","$3,900","2015","Providence","RI","08/05/17 3:12 pm (4 days ago)","Craigslist"
"CR500","1996 Honda CR500","$3,895","1996","Alpharetta","GA","08/08/17 12:46 pm (1 day ago)","Craigslist"
"YZ250","Yamaha YZ 250 FM-Excellent Condition","$3,850","2012","San Jose","CA","08/05/17 9:00 am (4 days ago)","Craigslist"
"CR250","2006 CR250R Completely Fresh Build Only 3 Hours","$3,800","2006","Redding","CA","08/08/17 1:00 am (1 day ago)","Craigslist"
"YZ250","Yamaha 2009 yz250","$3,800","2009","Citrus heights","CA","08/06/17 10:02 pm (2 days ago)","Craigslist"
"250XC-W","2006 KTM 250 XC-W Street Legal 2 Stroke","$3,800","2006","North Lake Tahoe","NV","08/07/17 11:32 pm (1 day ago)","Craigslist"
"YZ250","Yamaha YZ 250 FM-Excellent Condition","$3,800","2012","Sacramento","CA","08/05/17 9:00 am (4 days ago)","Craigslist"
"KTM 125 SX","2013 KTM 125SX","$3,750","2013","Rio Rancho","NM","08/07/17 10:41 pm (1 day ago)","Craigslist"
"KTM 250","2011 KTM 250sx-f","$3,700","2011","Surprise","AZ","08/06/17 9:07 pm (2 days ago)","Craigslist"
"YZ250","2006/2016 YZ250","$3,700","2006","Mullenix","WA","08/08/17 2:34 am (1 day ago)","Craigslist"
"CR250","01/02 Hybrid CR250","$3,700","2001","Kent","WA","08/05/17 5:46 am (4 days ago)","Craigslist"
"150XC","2012 KTM 150 sx","$3,700","2012","Bird Island","MN","08/08/17 10:19 pm (18 hours ago)","Craigslist"
"YZ250","Kawasaki kx250f mod trade for yz250 2stroke or crotch rocket","$3,700","2006","Dexter","MI","08/07/17 9:52 pm (1 day ago)","Craigslist"
"KTM 250","2002 KTM 250 SX 2-Stroke","$3,650","2002","Southern Pines","NC","08/09/17 4:41 pm (23 minutes ago)","eBay"
"YZ250","2009 yz250","$3,600","2009","Loomis","CA","08/08/17 7:09 pm (21 hours ago)","Craigslist"
"Husky WR","2011 Husqvarna WR 300","$3,599","2011","Kerrville","TX","08/03/17 12:00 am (6 days ago)","Cycle Trader"
"KX250","2015 Kawasaki kx250","$3,500","2015","Anna","TX","08/05/17 9:02 pm (3 days ago)","Craigslist"
"KTM 525","2000 Ktm 520 exc Enduro Dual Sport Plated Dirtbike. Runs great &amp; fast","$3,500","2000","Menifee","CA","08/07/17 12:07 am (2 days ago)","Craigslist"
"150XC","2013 KTM 150 SX dirt bike","$3,500","2013","St Cloud","MN","08/08/17 1:36 pm (1 day ago)","Craigslist"
"KTM 250","2013 ktm 250sx","$3,500","2013","Brockton","MA","08/08/17 2:44 pm (1 day ago)","Craigslist"
"KTM 525","2005 KTM 525 EXC! Green Sticker!","$3,500","2005","dublin / pleasanton / livermore","CA","08/08/17 12:47 am (1 day ago)","Craigslist"
"CR250","2003 Honda cr250","$3,500","2003","Harrison twp","MI","08/08/17 4:18 am (1 day ago)","Craigslist"
"YZ250","2012 yz250 w/lots of extras","$3,500","2012","Green Bay","WI","08/08/17 1:16 am (1 day ago)","Craigslist"
"CR250","2003 Honda cr250r","$3,500","2003","Portland","OR","08/07/17 9:22 pm (1 day ago)","Craigslist"
"RM250","2000 RM 250","$3,500","2000","Dobbs Ferry","NY","08/08/17 1:57 am (1 day ago)","Craigslist"
"KDX 200","2000 Kawasaki KDX 200","$3,500","2000","Granby","CO","08/06/17 4:50 am (3 days ago)","Craigslist"
"CR250","2005 Honda CR250R thousands invested very clean low hours","$3,500","2005","fairfield / vacaville","CA","08/08/17 11:59 pm (17 hours ago)","Craigslist"
"YZ250","BUILT 2006 YZ 250 2 STROKE","$3,500","2006","JAMUL","CA","08/08/17 3:02 pm (1 day ago)","Craigslist"
"YZ250","2013 yamaha yz 250","$3,500","2013","Orlando","FL","08/08/17 2:22 pm (1 day ago)","Craigslist"
"YZ250","99 banshee built for sand&amp; 99 yz250","$3,500","1999","Bonney Lake","WA","08/07/17 2:33 am (2 days ago)","Craigslist"
"KX250","2012 Kawasaki Kx 250 Dirt Bike","$3,500","2012","Lebanon","TN","08/05/17 3:09 pm (4 days ago)","Craigslist"
"KX250","2005 kx 250","$3,500","2005","canton","GA","08/08/17 10:16 pm (18 hours ago)","Craigslist"
"KTM 525","04 ca plated ktm 525 mxc","$3,500","2004","National city","CA","08/07/17 3:00 pm (2 days ago)","Craigslist"
"CR250","2003 Honda cr250","$3,500","2003","Houghton lake","MI","08/08/17 4:21 am (1 day ago)","Craigslist"
"KTM 525","2000 Ktm 520 exc Enduro Dual Sport Plated Dirtbike. Runs great &amp; fast","$3,500","2000","Menifee","CA","08/09/17 1:13 am (15 hours ago)","Craigslist"
"CR250","2002 Honda cr250 Green Sticker","$3,500","2002","818","CA","08/09/17 1:50 pm (3 hours ago)","Craigslist"
"YZ250","2005 Yamaha YZ 250","$3,500","2005","Palmdale","CA","07/11/17 12:00 am (29 days ago)","Cycle Trader"
"150XC","2013 KTM 150 SX","$3,500","2013","Woodside","NY","07/26/17 12:00 am (14 days ago)","Cycle Trader"
"YZ125","2014 Yamaha YZ 125","$3,500","2014","Kinmundy","IL","08/04/17 12:00 am (5 days ago)","Cycle Trader"
"YZ250","2005 Yamaha YZ250 2-Stroke - Extras!","$3,499","2005","Tampa","FL","08/07/17 6:22 pm (1 day ago)","Craigslist"
"YZ250","2009 yz 250","$3,400","2009","Houston","TX","08/06/17 11:53 pm (2 days ago)","Craigslist"
"200XC-W","2008 KTM 200 XC-W 2-stroke enduro trail dirt bike","$3,400","2008","santa cruz","CA","08/08/17 3:25 pm (1 day ago)","Craigslist"
"250XC-W","Ktm 250xcw street legal","$3,400","2008","Fort Worth","TX","08/05/17 8:06 am (4 days ago)","Craigslist"
"CR500","Cr500 1999 HONDA","$3,400","1999","Snohomish","WA","08/05/17 4:15 pm (4 days ago)","Craigslist"
"KTM 125 SX","2014 KTM 125 SX","$3,350","2014","Lafayette","IN","08/07/17 1:23 pm (2 days ago)","Craigslist"
"YZ250","2006 YZ250 Sale/Trade","$3,350","2006","The Dalles","OR","08/06/17 3:07 am (3 days ago)","Craigslist"
"YZ250","2013 yz 250","$3,300","2013","Elburn IL","IL","08/05/17 2:16 am (4 days ago)","Craigslist"
"RM250","2001 Suzuki RM 250 Brand New Immaculate Condition 2 Stroke","$3,300","2001","Sun Valley","NV","08/07/17 8:42 pm (1 day ago)","eBay"
"YZ250","Yz250","$3,300","","Burbank","CA","08/08/17 9:55 pm (19 hours ago)","Craigslist"
"YZ125","Yz125","$3,250","2013","Waukegan","IL","08/07/17 9:40 pm (1 day ago)","Craigslist"
"YZ250","2005 Yz250","$3,250","2005","dublin / pleasanton / livermore","CA","08/07/17 1:36 pm (2 days ago)","Craigslist"
"YZ250","05 YZ250","$3,250","2005","Denver","CO","08/08/17 1:03 am (1 day ago)","Craigslist"
"CR250","2005 CR250 Honda * FMF Gnarly * New top end * Title * CR 250R * CR250R","$3,200","2005","Lake Oswego","OR","08/08/17 2:22 am (1 day ago)","Craigslist"
"CR250","2006 Honda Cr250r 2 stroke","$3,200","2006","Mesa","AZ","08/09/17 2:48 am (14 hours ago)","Craigslist"
"KTM 525","2002 KTM 525","$3,200","2002","san mateo","CA","08/06/17 11:51 pm (2 days ago)","Craigslist"
"KX250","2006 kx250","$3,200","2006","Carrolton","GA","08/05/17 1:31 pm (4 days ago)","Craigslist"
"KTM 250 SX","2013 KTM250SX","$3,200","2013","Marion","IL","08/05/17 6:00 am (4 days ago)","Craigslist"
"CR500","1994 HONDA CR500R 2 STROKE","$3,200","1994","chesterfield","MI","08/07/17 12:35 am (2 days ago)","Craigslist"
"KTM 525","KTM 520","$3,200","","Santa Rosa","CA","08/05/17 4:43 am (4 days ago)","Craigslist"
"RM250","Suzuki RM250\"RG3 suspension\"","$3,200","","Eagle","ID","08/07/17 1:21 am (2 days ago)","Craigslist"
"CR250","2002 Honda CR250","$3,200","2002","Ewa Beach","HI","08/08/17 5:33 pm (23 hours ago)","Craigslist"
"RM250","03 rm250","$3,200","2003","Orland Park","IL","08/07/17 12:00 pm (2 days ago)","Craigslist"
"RM250","06 Suzuki RM 250","$3,200","2006","whitewater","MO","08/08/17 8:31 pm (20 hours ago)","Craigslist"
"KX250","05 modified Kawasaki kx 250","$3,200","2005","Northplains","OR","08/05/17 5:17 pm (3 days ago)","Craigslist"
"CR250","2001 Honda CR250 CR250R","$3,200","2001","scotts valley","CA","08/07/17 9:25 pm (1 day ago)","Craigslist"
"CR250","2007 cr250r","$3,200","2007","Ontario","ID","08/07/17 7:05 pm (1 day ago)","Craigslist"
"KTM 400","Plated 2004 KTM 400exc, sell or trade","$3,200","2004","Seattle","OR","08/08/17 1:56 am (1 day ago)","Craigslist"
"CR250","Honda 2002 cr 250r","$3,200","2002","Buffalo","NY","08/08/17 5:18 pm (23 hours ago)","Craigslist"
"CR250","Honda 2002 CR250","$3,200","2002","Simi Valley","CA","08/07/17 1:09 am (2 days ago)","Craigslist"
"CR250","Cr 250r Honda 2003 CLEANEST CR250r around!!","$3,200","2003","Oregon City","OR","08/07/17 8:24 pm (1 day ago)","Craigslist"
"KTM 400","Plated 2004 KTM EXC 400, Sell or trade","$3,200","2004","Issaquah","WA","08/08/17 1:56 am (1 day ago)","Craigslist"
"KDX 200","Kdx200","$3,200","2005","Boxford","MA","08/08/17 2:53 pm (1 day ago)","Craigslist"
"YZ125","2014 yz125","$3,200","2014","Charlotte","NC","08/06/17 10:11 pm (2 days ago)","Craigslist"
"RM125","2003 Suzuki RM144 RM125 RM 125 144 CR KTM KX YZ Motocross Dirt Bike","$3,200","2003","Binghamton","NY","08/03/17 1:31 am (6 days ago)","eBay"
"YZ250","1983 Yamaha yz250","$3,200","1983","Anaconda","MT","08/08/17 4:10 pm (1 day ago)","eBay"
"CR500","Cr500 1993 CR 500 clean","$3,200","1993","inner richmond","CA","08/07/17 4:42 am (2 days ago)","Craigslist"
"KTM 525","Ktm 525 exc.","$3,200","","Omaha","NE","08/06/17 12:14 am (3 days ago)","Craigslist"
"CR500","1996 Honda CR500 dirt bike, FMF pipe, nice","$3,100","1996","Fall city","WA","08/07/17 10:25 pm (1 day ago)","Craigslist"
"KTM 300","Ktm 300 exc w/title","$3,100","","Cincinnati","OH","08/05/17 1:21 am (4 days ago)","Craigslist"
"CR250","2002 Honda CR250R Like new 2 stroke dirt bike","$3,100","2002","Palm coast","FL","08/07/17 4:15 pm (2 days ago)","Craigslist"
"KX 500","02 KX500 for sale","$3,100","2002","Longview","WA","08/07/17 7:58 pm (1 day ago)","Craigslist"
"CR250","2002 Honda Cr250","$3,100","2002","Whatcom","WA","08/08/17 3:07 pm (1 day ago)","Craigslist"
"CR250","2002 Honda Cr250","$3,100","2002","Bellingham","WA","08/08/17 3:28 pm (1 day ago)","Craigslist"
"150XC","2012 ktm 150sx","$3,100","2012","alexandria","OH","08/08/17 2:14 am (1 day ago)","Craigslist"
"YZ250","2006 yz250","$3,000","2006","grass valley","CA","08/05/17 1:01 pm (4 days ago)","Craigslist"
"YZ250","2013 YZ 250","$3,000","2013","Cedar lake","IN","08/07/17 1:27 pm (2 days ago)","Craigslist"
"YZ250","2002 yz 250 green sticker","$3,000","2002","Burbank","CA","08/05/17 4:13 pm (4 days ago)","Craigslist"
"KTM 250","Ktm 250","$3,000","2013","Gilbert","AZ","08/07/17 2:21 am (2 days ago)","Craigslist"
"CR250","2003 CR250R","$3,000","2003","Lakeside","CA","08/08/17 8:29 pm (20 hours ago)","Craigslist"
"CR250","2002 CR250","$3,000","2002","south san francisco","CA","08/07/17 4:12 am (2 days ago)","Craigslist"
"300XC","07 KTM 300XC","$3,000","2007","Murfreesboro","TN","08/05/17 2:54 am (4 days ago)","Craigslist"
"KTM 300","1991 ktm 300 TXC","$3,000","1991","Auburn","WA","08/06/17 12:06 am (3 days ago)","Craigslist"
"300XC","For Sale 2006 KTM 300XC","$3,000","2006","Lompoc","CA","08/08/17 6:04 am (1 day ago)","Craigslist"
"KX250","2004 Kx 250","$3,000","2004","Milford","OH","08/08/17 2:25 pm (1 day ago)","Craigslist"
"CR500","1999 CR500","$3,000","1999","WILLIAMS","AZ","08/05/17 2:43 pm (4 days ago)","Craigslist"
"KTM 525","2004 ktm 525 street legal","$3,000","2004","Dallas","GA","08/05/17 8:53 pm (3 days ago)","Craigslist"
"KTM 525","2005 KTM 525sx 525 SX - Great Condition - Barely Ridden - Great Bike","$3,000","2005","Arvada","CO","08/08/17 7:02 pm (22 hours ago)","Craigslist"
"YZ250","1999 yz 250 competition","$3,000","1999","s. boise","ID","08/07/17 2:11 am (2 days ago)","Craigslist"
"KX125","Kx 125 2003 w title and gear and extras","$3,000","2003","Oregon City","OR","08/06/17 7:48 am (3 days ago)","Craigslist"
"150XC","2011 ktm 150sx setup for the woods","$3,000","2011","Valdese","NC","08/07/17 10:01 pm (1 day ago)","Craigslist"
"YZ125","YZ125","$3,000","2005","san jose south","CA","08/08/17 6:33 pm (22 hours ago)","Craigslist"
"CR250","2002 CR250R - Green Sticker","$3,000","2002","fremont / union city / newark","CA","08/08/17 12:02 pm (1 day ago)","Craigslist"
"KTM 250","KTM 250","$3,000","2009","Charlotte","NC","08/07/17 9:30 pm (1 day ago)","Craigslist"
"200XC-W","2006 KTM 200 XCW","$3,000","2006","Shelton","WA","08/07/17 1:20 am (2 days ago)","Craigslist"
"KTM 125 SX","2012 ktm sx 125","$3,000","2012","stoughton ma.","MA","08/09/17 9:12 am (7 hours ago)","Craigslist"
"Husky WR","husqvarna WR300 2010","$3,000","2010","Poulsbo","WA","08/07/17 5:58 pm (1 day ago)","Craigslist"
"250XC-W","2007 KTM 250 XC-W","$3,000","2007","Lancaster","CA","08/07/17 2:08 am (2 days ago)","Craigslist"
"RM250","Suzuki RM 250 runs like new","$2,999","1981","Lawrenceville","GA","08/08/17 8:06 pm (20 hours ago)","eBay"
"CR250","1979 Honda Elsinore CR250 cr 250","$2,995 (auction)","1979","Boise","ID","08/04/17 1:48 am (5 days ago)","eBay"
"KX 500","clean 2000 kawasaki kx500","$2,950","2000","canby","OR","08/08/17 8:31 pm (20 hours ago)","Craigslist"
"KTM 300","1996 KTM 300 exc","$2,900","1996","St Charles","IL","08/05/17 4:20 pm (4 days ago)","Craigslist"
"CR500","Cr500","$2,900","1995","Lynnwood","WA","08/07/17 3:33 pm (2 days ago)","Craigslist"
"CR250","2003 Honda CR 250R 2 stroke","$2,900","2003","Escondido","CA","08/07/17 2:41 am (2 days ago)","Craigslist"
"CR500","85 cr500 MINT OBO","$2,900","1985","Almont mi","MI","08/07/17 2:31 pm (2 days ago)","Craigslist"
"CR125","2006 cr 125 all original","$2,900","2006","Indianapolis","IN","08/05/17 4:24 pm (4 days ago)","Craigslist"
"YZ250","07 yz250 clean low hours","$2,900","2007","Santa Clarita","CA","08/06/17 2:19 am (3 days ago)","Craigslist"
"YZ250","2005 crisp YZ 250","$2,900","2005","Franklin","TN","08/07/17 2:28 am (2 days ago)","Craigslist"
"CR250","2000 Honda Cr250r cr 250 r 2 Stroke Green sticker reg &amp; title in hand","$2,900","2000","Menifee","CA","08/08/17 2:00 pm (1 day ago)","Craigslist"
"CR250","Honda CR250r","$2,900","","santa clara","CA","08/07/17 12:21 am (2 days ago)","Craigslist"
"250XC-W","2007 KTM 250 XC-W","$2,900","2007","Lancaster","CA","08/06/17 12:00 am (3 days ago)","Cycle Trader"
"KX250","Kx250 kawasaki WITH TITLE","$2,850","1998","Houston","TX","08/05/17 8:31 am (4 days ago)","Craigslist"
"CR250","2001 CR250","$2,800","2001","Rutherfordton","NC","08/07/17 3:55 pm (2 days ago)","Craigslist"
"YZ250","2004 Yamaha YZ250","$2,800","2004","napa county","CA","08/06/17 5:27 am (3 days ago)","Craigslist"
"CR250","2001 Honda CR250R CR250 Clean!","$2,800","2001","Indianapolis","IN","08/07/17 1:37 am (2 days ago)","Craigslist"
"CR500","1986 Honda CR500R","$2,800","1986","washington","WA","08/07/17 3:54 pm (2 days ago)","Craigslist"
"YZ250","2001 yz250 2 stroke rekluse green sticker","$2,800","2001","san jose south","CA","08/05/17 9:47 pm (3 days ago)","Craigslist"
"CR250","2003 Honda CR 250","$2,800","2003","Bartow","GA","08/07/17 12:21 am (2 days ago)","Craigslist"
"KX250","06 kawasaki kx250/ 3 Place trailer 3k for all","$2,800","2006","Nampa ID","ID","08/07/17 11:26 pm (1 day ago)","Craigslist"
"CR250","1985 Honda CR250R Two Stroke","$2,800","1985","Delton","MI","08/04/17 8:30 pm (4 days ago)","eBay"
"CR250","2002 Honda CR250","$2,800","2002","Rowley, MA","MA","08/05/17 12:42 pm (4 days ago)","Craigslist"
"KTM 125 SX","2007 KTM 125 SX","$2,800","2007","Loganville","GA","07/30/17 12:00 am (10 days ago)","Cycle Trader"
"KX250","2007 KX250","$2,750","2007","Fort Worth","TX","08/09/17 12:51 am (16 hours ago)","Craigslist"
"YZ250","1975 yz250 price drop","$2,750","1975","DURHAM NC","NC","08/05/17 6:35 pm (3 days ago)","Craigslist"
"KTM 250","2008 KTM 250 XC-F W","$2,750","2008","san anselmo","CA","08/06/17 7:59 pm (2 days ago)","Craigslist"
"KTM 380","2000 KTM 380 EXC","$2,750","2000","Albuquerque","NM","08/06/17 4:28 am (3 days ago)","Craigslist"
"KTM 400","2001 KTM 400 XC-W","$2,750","2001","Burbank","CA","07/26/17 12:00 am (14 days ago)","Cycle Trader"
"CR125","Clean 2003 CR125 Sale/Trade","$2,700","2003","The Dalles","OR","08/06/17 3:06 am (3 days ago)","Craigslist"
"KTM 400","2006 KTM 400 EXC","$2,700","2006","Hurst","TX","08/06/17 9:18 pm (2 days ago)","Craigslist"
"CR250","2002 Honda CR250 *2 Stroke* (Great Cond.)","$2,700","2002","North cobb county","GA","08/09/17 2:38 pm (2 hours ago)","Craigslist"
"RM250","Suzuki RM 250 Dirt bike","$2,700","2002","Baltimore","MD","08/08/17 12:38 am (1 day ago)","Craigslist"
"KTM 250","2004 Ktm 250 EXC $2700","$2,700","2004","Greensburg, IN","IN","08/05/17 7:02 pm (3 days ago)","Craigslist"
"CR250","2002 Honda CR250R","$2,700","2002","661/magic mountain","CA","08/06/17 7:07 am (3 days ago)","Craigslist"
"RM250","rm250","$2,700","","Howell","MI","08/06/17 4:45 pm (3 days ago)","Craigslist"
"KTM 400","1998 KTM RXC 400 street legal ENDURO w/5k miles !!","$2,700","1998","Anoka","MN","08/08/17 1:50 am (1 day ago)","Craigslist"
"KX250","2001 Kx250","$2,700","2001","Mount Prospect","IL","08/07/17 11:14 pm (1 day ago)","Craigslist"
"KX125","2003 Kawaski KX 125","$2,700","2003","Hood River","OR","08/07/17 4:51 am (2 days ago)","Craigslist"
"CR500","Honda Cr500","$2,700","1990","Peoria","AZ","08/05/17 3:37 pm (4 days ago)","Craigslist"
"YZ250","Yz 250","$2,700","2006","River Falls","MN","08/08/17 1:50 am (1 day ago)","Craigslist"
"KX250","2006 kx 250","$2,700","2006","Garden City","ID","08/06/17 9:16 pm (2 days ago)","Craigslist"
"CR125","Vintage honda 79 cr125","$2,700","","Lake havasu az","AZ","08/06/17 7:38 pm (2 days ago)","Craigslist"
"CR250","05 cr 250","$2,700","2005","Placerville","CA","08/06/17 4:58 am (3 days ago)","Craigslist"
"YZ250","03 Yamaha YZ250 ( TRAIL RIDDEN / EXCELLENT CONDITION)","$2,700","2003","Murfreesboro","TN","08/05/17 1:46 pm (4 days ago)","Craigslist"
"300XC","2002 KTM 300 MXC","$2,600","2002","Rockhill","NC","08/06/17 1:59 am (3 days ago)","Craigslist"
"YZ250","Green Sticker Yz250 for sale lots of extras!","$2,600","2001","SAN MATEO","CA","08/07/17 4:36 am (2 days ago)","Craigslist"
"YZ125","2005 Yamaha YZ 125","$2,600","2005","St. Petersburg","FL","08/07/17 1:22 pm (2 days ago)","Craigslist"
"CR125","2006 CR125","$2,600","2006","KINGSTON","WA","08/08/17 4:08 am (1 day ago)","Craigslist"
"KTM 250","2011 KTM 250SX","$2,600","2011","Chicago","IL","08/08/17 7:08 pm (21 hours ago)","Craigslist"
"KTM 400","2002 ktm 400 exc dual sport","$2,600","2002","Auburn","WA","08/09/17 8:16 am (8 hours ago)","Craigslist"
"YZ250","Restored 1989 Yamaha YZ 250","$2,600","1989","Manassas","VA","08/06/17 11:12 pm (2 days ago)","Craigslist"
"CR250","2003 Honda CR250","$2,600","2003","Pacific Beach","CA","08/05/17 3:59 am (4 days ago)","Craigslist"
"CR125","2004 Honda CR 125R","$2,600","2004","Reno","NV","08/08/17 8:41 pm (20 hours ago)","Craigslist"
"KTM 250","2011 KTM 250 SX","$2,600","2011","Chicago","IL","07/08/17 12:00 am (32 days ago)","Cycle Trader"
"CR250","2002 cr 250","$2,500","2002","Buffalo","NY","08/06/17 2:24 pm (3 days ago)","Craigslist"
"KX250","2001 KX250","$2,500","2001","Rochester","MN","08/07/17 3:02 pm (2 days ago)","Craigslist"
"KTM 300","KTM 300 EXC GREEN STICKER 2-STROKE","$2,500","2001","VALENCIA","CA","08/06/17 1:50 am (3 days ago)","Craigslist"
"CR250","2002 Honda CR250r Green Sticker","$2,500","2002","Rolling Hills Estates","CA","08/09/17 3:02 am (14 hours ago)","Craigslist"
"300XC","Ktm 300xc","$2,500","2009","Lawrenceville","GA","08/06/17 10:13 pm (2 days ago)","Craigslist"
"KTM 525","05 ktm 525","$2,500","2005","Honolulu","HI","08/08/17 12:46 am (1 day ago)","Craigslist"
"CR500","1993 Honda CR500R CR 500","$2,500","1993","Shelby NC","NC","08/05/17 4:09 am (4 days ago)","Craigslist"
"YZ125","2001 YZ 125 for sale. Must read for mods and details!","$2,500","2001","Indianapolis","IN","08/07/17 9:07 pm (1 day ago)","Craigslist"
"KDX 200","2005 Kawasaki KDX200","$2,500","2005","Tacoma","WA","08/08/17 1:30 am (1 day ago)","Craigslist"
"KX250","03 kx250","$2,500","2003","Escondido","CA","08/08/17 10:35 pm (18 hours ago)","Craigslist"
"KX250","2004 KX 250","$2,500","2004","keller","TX","08/08/17 1:11 pm (1 day ago)","Craigslist"
"YZ125","2007 Yamaha YZ125 with 144cc Kit - $2500","$2,500","2007","Hood River","OR","08/06/17 5:23 am (3 days ago)","Craigslist"
"KX125","Kawasaki KX125 KX 125","$2,500","","Lowell, IN","IN","08/06/17 2:02 am (3 days ago)","Craigslist"
"RM125","2003 rm125","$2,500","2003","hercules, pinole, san pablo, el sob","CA","08/09/17 6:22 am (10 hours ago)","Craigslist"
"YZ125","2006 yz 125","$2,500","2006","Buffalo","MN","08/07/17 7:48 pm (1 day ago)","Craigslist"
"YZ250","YAMAHA YZ250 2002","$2,500","2002","Warren","MI","08/05/17 7:06 pm (3 days ago)","Craigslist"
"YZ125","2008 YAMAHA YZ125 * REDUCED PRICED TO SELL*","$2,500","2008","Downey","CA","08/08/17 3:04 am (1 day ago)","Craigslist"
"YZ250","2003 Yamaha Yz250 dirt bike","$2,500","2003","Arlington","MN","08/07/17 11:44 pm (1 day ago)","Craigslist"
"RM250","2000 Suzuki RM 250","$2,500","2000","Jamul","CA","08/06/17 1:08 am (3 days ago)","Craigslist"
"CR250","1986 CR250R","$2,500","1986","Tomball","TX","08/07/17 11:07 pm (1 day ago)","Craigslist"
"YZ125","'07 Yamaha YZ 125 great condition- Title in hand","$2,500","2007","Lincolnshire","IL","08/07/17 12:24 am (2 days ago)","Craigslist"
"KTM 525","2003 KTM 525","$2,500","2003","Salmon Creek","OR","08/07/17 10:44 pm (1 day ago)","Craigslist"
"YZ125","2005 yz125 very nice trade for 250","$2,500","2005","Buckeye","AZ","08/06/17 6:27 pm (2 days ago)","Craigslist"
"CR250","Cr 250","$2,500","2001","Las Vegas","NV","08/06/17 11:05 pm (2 days ago)","Craigslist"
"CR125","2004 HONDA CR125 clean","$2,500","2004","Boise","ID","08/05/17 3:16 pm (4 days ago)","Craigslist"
"CR125","Cr125r 2005","$2,500","2005","Fayetteville","NC","08/08/17 12:30 am (1 day ago)","Craigslist"
"KTM 250","KTM 250 SX 2 Stroke","$2,500","2004","Smyrna","GA","08/05/17 11:24 am (4 days ago)","Craigslist"
"KX250","2003 kx250","$2,500","2003","Kalispell","MT","08/05/17 4:59 am (4 days ago)","Craigslist"
"CR250","2002 Honda CR 250","$2,500","2002","Madras","OR","08/07/17 4:18 pm (2 days ago)","Craigslist"
"RM125","2003 Suzuki rm125 *mint*","$2,500","2003","Buffalo","NY","08/06/17 2:36 pm (3 days ago)","Craigslist"
"CR250","2006 cr250r","$2,500","2006","Reno, NV","NV","08/07/17 7:06 pm (1 day ago)","Craigslist"
"KTM 300","2008 ktm 300exc","$2,500","2008","1259 broadway","CA","08/08/17 12:45 am (1 day ago)","Craigslist"
"KTM 250","02 ktm 250sx","$2,500","2002","Tri Cities","TN","08/07/17 2:50 pm (2 days ago)","Craigslist"
"YZ250","1999 Green Sticker YZ250 2 stroke with 325 kit","$2,500","1999","glen park","CA","08/06/17 6:16 pm (2 days ago)","Craigslist"
"CR250","2001 Honda cr250 mint condition","$2,500","2001","Denver","CO","08/06/17 11:49 pm (2 days ago)","Craigslist"
"RM125","2003 Suzuki RM125","$2,500","2003","santa cruz","CA","08/06/17 7:12 am (3 days ago)","Craigslist"
"CR250","Cr250","$2,500","1997","Geneva","FL","08/08/17 3:11 pm (1 day ago)","Craigslist"
"CR250","2000 Honda CR250 - Trades?","$2,500","2000","Hilo Side","HI","08/05/17 4:41 pm (4 days ago)","Craigslist"
"CR125","2002 Honda CR125","$2,500","2002","Grain Valley","MO","08/08/17 1:30 pm (1 day ago)","Craigslist"
"YZ250","Clean 04 YZ250","$2,500","2004","Alpharetta","GA","08/07/17 2:24 am (2 days ago)","Craigslist"
"CR250","2002 cr250","$2,500","2002","dublin / pleasanton / livermore","CA","08/05/17 11:34 pm (3 days ago)","Craigslist"
"YZ250","2000 Yamaha YZ250 2 Stroke Dirtbike Very Good Condition","$2,500","2000","Myrtle Beach","SC","07/30/17 3:10 am (10 days ago)","eBay"
"CR250","Nice 2000 cr250 OBO","$2,500","2000","Almont mi","MI","08/07/17 3:10 pm (2 days ago)","Craigslist"
"YZ250","2003 Yz250 2,500","$2,500","2003","Severance","CO","08/08/17 1:18 am (1 day ago)","Craigslist"
"CR125","79 CR 125 Elsinore and more","$2,500","","los gatos","CA","08/09/17 2:45 pm (2 hours ago)","Craigslist"
"KX250","2001 KX 250 2-stroke -- CLEAN TITLE -- Massive Tune up completed","$2,500","2001","Tualatin","OR","08/07/17 7:16 pm (1 day ago)","Craigslist"
"KDX 200","2003 Kawasaki KDX 200 - Great shape and ready to go!","$2,500","2003","Noblesville","IN","08/08/17 3:43 am (1 day ago)","Craigslist"
"YZ250","YZ 250","$2,500","2003","Vancouver","WA","08/08/17 3:04 am (1 day ago)","Craigslist"
"RM250","1998 Suzuki RM250","$2,500","1998","Terre Haute","IN","08/08/17 12:00 am (1 day ago)","Cycle Trader"
"KX 500","1992 Kawasaki KX 500","$2,500","1992","Butte","MT","08/08/17 12:00 am (1 day ago)","Cycle Trader"
"CR250","Honda 1994 CR250R, CR 250, CR250 RESTORED","$2,499","1994","El Cajon","CA","08/06/17 8:14 pm (2 days ago)","Craigslist"
"CR250","Like New 2003 Honda CR250 With Title","$2,499","2003","Spring","TX","08/06/17 9:08 pm (2 days ago)","Craigslist"
"CR250","1986 HONDA CR250R","$2,490 (auction)","1986","Kaysville","UT","08/05/17 11:45 am (4 days ago)","eBay"
"KDX 220","2001 KDX 220","$2,450","2001","Rockford","IL","08/08/17 5:21 pm (23 hours ago)","Craigslist"
"CR250","2001 HONDA CR250R","$2,450","2001","Camas","WA","08/06/17 7:01 pm (2 days ago)","Craigslist"
"KTM 525","KTM 525 EXC 2004 green sticker","$2,450","2004","belmont","CA","08/06/17 6:48 pm (2 days ago)","Craigslist"
"YZ125","YZ125 YZ144","$2,450","2005","SIKESTON","TN","08/05/17 1:21 am (4 days ago)","Craigslist"
"CR250","2000 Honda Cr250r","$2,400","2000","san jose east","CA","08/07/17 7:19 pm (1 day ago)","Craigslist"
"KTM 250","2003 ktm 250exc $2400.00 OBO","$2,400","2003","North Phoenix","AZ","08/05/17 7:10 pm (3 days ago)","Craigslist"
"RM250","2003 Suzuki RM250 (2 Stroke)","$2,400","2003","Kennesaw","GA","08/07/17 6:09 pm (1 day ago)","Craigslist"
"KDX 200","2004 KDX 200","$2,400","2004","Orland park, IL","IL","08/08/17 1:18 pm (1 day ago)","Craigslist"
"YZ250","2004 Yamaha YZ250","$2,400","2004","N Phoenix","AZ","08/07/17 7:24 pm (1 day ago)","Craigslist"
"RM250","*RM 250 2-stroke*","$2,400","2003","Miramar","CA","08/07/17 4:08 am (2 days ago)","Craigslist"
"CR250","2003 Honda CR250R","$2,400","2003","Cartersville","GA","08/08/17 11:24 am (1 day ago)","Craigslist"
"CR250","2003 CR250R Excellent Condition","$2,400","2003","Manchester","TN","08/07/17 9:28 pm (1 day ago)","Craigslist"
"RM125","2003 Suzuki RM 125","$2,400","2003","St. Clair Shores","MI","08/07/17 7:03 pm (1 day ago)","Craigslist"
"300XC","KTM 300 MXC","$2,400","2003","Henderson","NV","08/05/17 7:15 am (4 days ago)","Craigslist"
"RM250","2004 rm 250","$2,400","2004","1259 broadway","CA","08/08/17 12:45 am (1 day ago)","Craigslist"
"CR500","HONDA CR500 DIRT BIKE","$2,395","","SPROCKET SPORT","WA","08/06/17 6:21 pm (2 days ago)","Craigslist"
"RM125","2004 Suzuki RM 125 Super Nice Bike $2350","$2,350","2004","Milton","GA","08/07/17 9:43 pm (1 day ago)","Craigslist"
"CR250","1997 Honda CR250R Flat Track Racing Bike - Price Reduced Must Go","$2,350","1997","Centreville","VA","08/07/17 10:58 pm (1 day ago)","Craigslist"
"RM250","2001 Suzuki RM250 2 stroke","$2,350","2001","dublin / pleasanton / livermore","CA","08/08/17 3:30 pm (1 day ago)","Craigslist"
"CR250","Honda CR250","$2,300","2004","millbrae","CA","08/08/17 7:09 pm (21 hours ago)","Craigslist"
"YZ250","Yz250","$2,300","","Puhi","HI","08/08/17 4:01 am (1 day ago)","Craigslist"
"CR250","2002 honda CR250","$2,300","2002","Pompano","FL","08/06/17 12:42 am (3 days ago)","Craigslist"
"YZ125","2009 yz125","$2,300","2009","Franklin","MA","08/06/17 7:33 pm (2 days ago)","Craigslist"
"RM250","rm250","$2,300","1996","Orland Park","IL","08/08/17 7:00 pm (22 hours ago)","Craigslist"
"CR250","2001 cr250r","$2,300","2001","Sharpsburg","GA","08/07/17 2:31 am (2 days ago)","Craigslist"
"YZ125","2001 Yamaha Yz 125 title in hand","$2,300","2001","Frederick","MD","08/08/17 12:32 am (1 day ago)","Craigslist"
"KDX 220","1999 Kawasaki KDX220 KDX 220 Mostly stock 2 Stroke located in SOCAL Very clean","$2,300","1999","Menifee","CA","08/03/17 5:54 pm (5 days ago)","eBay"
"KDX 200","2001 Kawasaki KDX 200","$2,300","2001","Vance","AL","07/31/17 12:00 am (9 days ago)","Cycle Trader"
"CR125","Honda CR 125 (2000)","$2,299","2000","Loganville, Ga.","GA","08/08/17 5:51 pm (23 hours ago)","Craigslist"
"KTM 250","Ktm 250","$2,250","","Indy","IN","08/06/17 12:58 am (3 days ago)","Craigslist"
"RM250","05 RM250 2 stroke Pro Star","$2,250","2005","Forney, TX","TX","08/07/17 12:07 am (2 days ago)","Craigslist"
"KX125","1986 KX 125","$2,250 (auction)","1986","Bay Shore","NY","08/08/17 5:24 pm (23 hours ago)","eBay"
"KTM 200","2003 ktm 200 exc","$2,200","2003","Clarkston","MI","08/06/17 9:48 pm (2 days ago)","Craigslist"
"KTM 200","2004 Ktm 200 exc","$2,200","2004","Evansville","IN","08/08/17 12:48 am (1 day ago)","Craigslist"
"KX125","05 KX125","$2,200","2005","Wahiawa","HI","08/09/17 5:25 am (11 hours ago)","Craigslist"
"CR250","2004 CR250r Completely Rebuilt","$2,200","2004","Chicago Northside","IL","08/08/17 10:29 pm (18 hours ago)","Craigslist"
"YZ250","2000 YZ250 YZ 250 Green Sticker 2 stroke","$2,200","2000","willow glen / cambrian","CA","08/06/17 5:23 pm (2 days ago)","Craigslist"
"YZ125","2003 Yamaha YZ125","$2,200","2003","Orland Park","IL","08/08/17 5:15 am (1 day ago)","Craigslist"
"RM250","1997 Suzuki rm250 mint condition","$2,200","1997","Conroe","TX","08/08/17 2:48 am (1 day ago)","Craigslist"
"RM125","2003 Suzuki RM 125 Mint Condition with Title RM125","$2,200","2003","Las Vegas","NV","08/05/17 8:03 pm (3 days ago)","Craigslist"
"KTM 400","2001 Ktm 400sx","$2,200","2001","Fairfield","CA","08/07/17 5:11 am (2 days ago)","Craigslist"
"300XC","1995 ktm 300 mxc","$2,200","1995","Waterford","MI","08/05/17 4:01 pm (4 days ago)","Craigslist"
"CR250","2002 Honda CR 250 Motorcycle Dirt Bike","$2,200","2002","Deep Elm, Dallas","TX","08/05/17 3:19 pm (4 days ago)","Craigslist"
"CR125","02 CR125 OBO","$2,200","2002","Meridian","ID","08/07/17 5:15 am (2 days ago)","Craigslist"
"YZ125","Fully built 2003 yz125 low hours on whole bike","$2,200","2003","Bremerton","WA","08/05/17 4:56 pm (4 days ago)","Craigslist"
"YZ250","2004 Yamaha YZ250 mint","$2,200","2004","Westfield","MA","08/07/17 3:26 pm (2 days ago)","Craigslist"
"YZ250","06 yz 250","$2,200","2006","Bremerton","WA","08/06/17 2:21 am (3 days ago)","Craigslist"
"CR125","2002 HONDA cr125","$2,200","2002","Hudson","WI","08/07/17 6:36 pm (1 day ago)","Craigslist"
"RM125","RM 125","$2,200","","Upper West Side","NY","08/08/17 4:20 pm (1 day ago)","Craigslist"
"YZ125","Yamaha yz 125","$2,200","","Dunedin FL","FL","08/06/17 10:17 pm (2 days ago)","Craigslist"
"KX125","2001 Kawasaki KX 125","$2,200","2001","Hoschton","GA","07/27/17 12:00 am (13 days ago)","Cycle Trader"
"YZ250","2004 YZ 250 2 stroke","$2,199","2004","Fort Lauderdale","FL","08/06/17 5:35 pm (2 days ago)","Craigslist"
"KTM 125 SX","2001 KTM 125sx","$2,150","2001","Everett","WA","08/06/17 5:12 pm (2 days ago)","Craigslist"
"KX250","2006 KX 250","$2,100","2006","Jamul","CA","08/06/17 3:01 am (3 days ago)","Craigslist"
"RM250","Suzuki RM250 2003 Dirt Bike","$2,100","2003","Channahon","IL","08/07/17 10:54 pm (1 day ago)","Craigslist"
"CR250","CR250R Honda 2001 - 2 stroke - Good Cond - no title - CR 250R - CR250","$2,100","2001","Lake Oswego","OR","08/08/17 1:00 am (1 day ago)","Craigslist"
"RM250","1997 Suzuki RM250 2 stroke","$2,100","1997","Cleveland","OH","08/08/17 6:55 pm (22 hours ago)","Craigslist"
"RM250","2005 Suzuki RM250","$2,100","2005","Hammond","IN","08/07/17 2:01 am (2 days ago)","Craigslist"
"CR500","1985 Honda CR500R A","$2,100","1985","Denver","CO","08/05/17 9:42 pm (3 days ago)","Craigslist"
"CR250","2001 HONDA CR250 2 STROKE","$2,100","2001","chesterfield","MI","08/07/17 12:35 am (2 days ago)","Craigslist"
"CR500","1987 cr500r","$2,100","1987","dublin / pleasanton / livermore","CA","08/08/17 5:10 am (1 day ago)","Craigslist"
"CR250","2000 CR250R 2 stroke","$2,100","2000","Lancaster","CA","08/05/17 8:17 am (4 days ago)","Craigslist"
"CR250","2001 Honda Cr250","$2,100","2001","Coconut creek","FL","08/09/17 2:28 pm (2 hours ago)","Craigslist"
"CR250","Vintage 1979 Honda CR250R Red Rocket","$2,000","1979","Owings","DC","08/08/17 10:32 pm (18 hours ago)","Craigslist"
"KTM 300","2 Stroke KTM 300 CC","$2,000","2018","St.Clair","MI","08/08/17 1:21 pm (1 day ago)","Craigslist"
"RM500","1983 Suzuki RM 500 RM500","$2,000","1983","67 Ave &amp; Cactus Rd","AZ","08/06/17 1:07 am (3 days ago)","Craigslist"
"KX250","Kawasaki Kx 250","$2,000","","fremont / union city / newark","CA","08/07/17 10:21 pm (1 day ago)","Craigslist"
"CR250","2000 CR 250","$2,000","2000","Portland","OR","08/07/17 8:16 pm (1 day ago)","Craigslist"
"YZ125","Yamaha YZ 125","$2,000","1999","Citrus Heights","CA","08/07/17 6:21 am (2 days ago)","Craigslist"
"CR250","2002 cr 250 r","$2,000","2002","St George","UT","08/05/17 7:50 pm (3 days ago)","Craigslist"
"RM125","2006 Suzuki rm 125 ready to ride","$2,000","2006","Spring hill","FL","08/05/17 11:06 am (4 days ago)","Craigslist"
"CR250","98 cr250","$2,000","1998","Vancouver","WA","08/08/17 1:01 am (1 day ago)","Craigslist"
"KTM 525","2004 ktm 525 sx","$2,000","2004","Valencia","CA","08/06/17 1:48 pm (3 days ago)","Craigslist"
"CR125","Cr125r trade for quad","$2,000","2003","Moosic","PA","08/05/17 5:15 pm (3 days ago)","Craigslist"
"YZ250","2000 yz 250","$2,000","2000","oceanside","CA","08/07/17 3:44 pm (2 days ago)","Craigslist"
"KTM 125 SX","2003 Ktm125sx","$2,000","2003","Tacoma","WA","08/07/17 10:33 pm (1 day ago)","Craigslist"
"CR125","1979 Honda Cr125 Cr125r Cr 125 Elsinore","$2,000","1979","Faith","NC","08/07/17 9:31 pm (1 day ago)","Craigslist"
"KTM 125 SX","2007 KTM 125sx Firm","$2,000","2007","Roswell","GA","08/06/17 11:01 pm (2 days ago)","Craigslist"
"RM250","Rm250 excellent condition fully restored","$2,000","1997","Peachtree corners","GA","08/07/17 3:14 pm (2 days ago)","Craigslist"
"KX 500","Kawasaki KX500 KX 500 87 1987 runs good.","$2,000","1987","Bellevue","WA","08/08/17 5:28 pm (23 hours ago)","Craigslist"
"YZ125","Yz 125 04","$2,000","2004","Escondido","CA","08/07/17 12:41 am (2 days ago)","Craigslist"
"RM125","2006 Suzuki rm125 clean title","$2,000","2006","Spring Hill","FL","08/05/17 11:06 am (4 days ago)","Craigslist"
"YZ125","04 crf 150 and 99 Yz 125","$2,000","1999","Volo","IL","08/06/17 8:18 pm (2 days ago)","Craigslist"
"YZ125","2002 yz 125","$2,000","2002","Canton","MI","08/07/17 3:24 pm (2 days ago)","Craigslist"
"KX250","Kawasaki KX250","$2,000","2002","Waterford","MI","08/08/17 12:07 am (1 day ago)","Craigslist"
"KX125","2001 kx125","$2,000","2001","adairsville ga","GA","08/08/17 7:39 pm (21 hours ago)","Craigslist"
"KTM 250","02 Ktm 250sx","$2,000","2002","Nampa","ID","08/08/17 2:00 pm (1 day ago)","Craigslist"
"RM125","Rm 125 2001","$2,000","2001","Atlanta","GA","08/05/17 6:23 pm (3 days ago)","Craigslist"
"KX250","2003 Kawasaki kx250","$2,000","2003","San Diego","CA","08/05/17 11:29 pm (3 days ago)","Craigslist"
"CR125","Honda cr125","$2,000","2003","Baltimore","MD","08/05/17 9:25 pm (3 days ago)","Craigslist"
"KTM 125 SX","Y2K KTM 125SX","$2,000","","Council Bluffs","NE","08/07/17 4:46 am (2 days ago)","Craigslist"
"CR125","2004 Honda Cr125r dirt bike","$2,000","2004","kona, big island","HI","08/08/17 1:29 am (1 day ago)","Craigslist"
"YZ125","2006 YZ125","$2,000","2006","Wamego, KS","KS","08/05/17 9:28 pm (3 days ago)","Craigslist"
"CR250","1989 Honda CR 250","$2,000","1989","Wesley chapel","FL","08/06/17 2:34 pm (3 days ago)","Craigslist"
"KDX 200","KDX 200","$2,000","","Mesa","AZ","08/07/17 6:25 pm (1 day ago)","Craigslist"
"RM250","1997 rm250","$2,000","1997","Darlington","IN","08/05/17 11:45 pm (3 days ago)","Craigslist"
"KX250","1988 Kawasaki KX 250","$2,000","1988","Elk Mound","WI","08/08/17 12:39 am (1 day ago)","Craigslist"
"CR250","Plated 2003 Cr250 *updated*","$2,000","2003","Portland","OR","08/08/17 11:53 pm (17 hours ago)","Craigslist"
"CR250","1979 Honda CR250R","$2,000","1979","Tieton","WA","08/06/17 9:13 pm (2 days ago)","Craigslist"
"KTM 250","2000 KTM MXC 250","$2,000","2000","Portland","OR","08/05/17 4:45 pm (4 days ago)","Craigslist"
"CR250","01 Honda Cr250 street legal title","$2,000","2001","Dresden","OH","08/07/17 3:15 pm (2 days ago)","Craigslist"
"CR250","Cr250","$2,000","","Valley center","CA","08/06/17 5:09 am (3 days ago)","Craigslist"
"KTM 250","2002 KTM 250 EXC","$2,000","2002","Winter Park","CO","08/08/17 5:03 pm (1 day ago)","Craigslist"
"KX250","1998 kx250","$2,000","1998","Faribault","MN","08/08/17 3:02 pm (1 day ago)","Craigslist"
"YZ250","Yamaha yz250 (titled)","$2,000","","Newnan","GA","08/07/17 5:16 am (2 days ago)","Craigslist"
"CR250","Honda 2001 CR250R","$2,000","2001","Philadelphia","PA","08/06/17 12:57 am (3 days ago)","eBay"
"CR250","1999 Honda CR250R","$2,000","1999","North Bend","WA","08/06/17 9:09 pm (2 days ago)","Craigslist"
"RM250","2000 Suzuki RM 250 Two Stroke","$2,000","2000","Salisbury","NC","08/08/17 11:10 am (1 day ago)","Craigslist"
"Husky WR","2009 husqvarna wr 125","$2,000","2009","Stamford ct","CT","08/05/17 7:36 am (4 days ago)","Craigslist"
"YZ250","2006 Yz250","$2,000","2006","concord / pleasant hill / martinez","CA","08/05/17 2:53 am (4 days ago)","Craigslist"
"RM250","RM250","$2,000","2001","Plympton","MA","08/09/17 12:33 am (16 hours ago)","Craigslist"
"YZ125","YAMAHA Yz125, Perfect Condition","$2,000","","Fort Washington, MD","MD","08/07/17 1:20 am (2 days ago)","Craigslist"
"RM125","2001 Suzuki RM125","$2,000","2001","Austin","TX","08/04/17 12:00 am (5 days ago)","Cycle Trader"
"RM125","2003 RM125 Full Rebuild","$1,999","2003","Boston","MA","08/08/17 11:02 am (1 day ago)","Craigslist"
"CR125","L@@k 98 cr125r","$1,999","1998","Houston","TX","08/05/17 3:00 pm (4 days ago)","Craigslist"
"CR250","2000 CR250 Clean!","$1,950","2000","Fredericksburg","TX","08/05/17 9:04 pm (3 days ago)","Craigslist"
"CR125","CR 125","$1,950","","Canby","OR","08/05/17 2:29 am (4 days ago)","Craigslist"
"KX125","2000 kx125","$1,950","2000","Sandy","OR","08/08/17 10:50 am (1 day ago)","Craigslist"
"CR250","HONDA CR 250","$1,950","2000","Charlton","MA","08/06/17 1:39 am (3 days ago)","Craigslist"
"RM125","2001 Suzuki RM125","$1,950","2001","Belle Vernon","PA","07/25/17 12:00 am (15 days ago)","Cycle Trader"
"YZ125","2004 Yamaha Yz 125","$1,900","2004","Sacramento","CA","08/08/17 12:49 am (1 day ago)","Craigslist"
"CR125","2005 Honda cr125r","$1,900","2005","Maricopa","AZ","08/07/17 6:25 pm (1 day ago)","Craigslist"
"RM250","2000 Suzuki RM250 - 2 stroke - Title - Newer top end - Strong RM","$1,900","2000","Oregon City area","OR","08/08/17 1:59 am (1 day ago)","Craigslist"
"KX250","2000 Kawasaki KX250","$1,900","2000","Tigard","OR","08/08/17 11:48 pm (17 hours ago)","Craigslist"
"<tr><td>","2004 Husqvarna CR125 2-stroke Husky Sell Trade","$1,900","2004","Binghamton","NY","08/07/17 7:37 pm (1 day ago)","Craigslist"
"YZ250","2005 Yamaha yz250 run strong","$1,900","2005","Sac","CA","08/08/17 5:03 pm (1 day ago)","Craigslist"
"KX250","Dirtbike KX 250","$1,900","2000","Manchester","MI","08/07/17 3:22 pm (2 days ago)","Craigslist"
"KTM 125 SX","2003 KTM 125sx","$1,900","2003","Portland","OR","08/05/17 7:50 pm (3 days ago)","Craigslist"
"YZ125","Yz125","$1,900","2001","Rochester hills","MI","08/07/17 2:31 am (2 days ago)","Craigslist"
"<tr><td>","Husqvarna CR 125","$1,900","","Kinsman,Ave","OH","08/08/17 1:21 pm (1 day ago)","Craigslist"
"CR125","2002 CR 125R","$1,900","2002","Golden","CO","08/08/17 12:34 am (1 day ago)","Craigslist"
"YZ250","2004 4 STROKE YAHMAHA YZ250 F DIRT BIKE TRADE 4 CAR OR VEHICLE","$1,900","2004","joliet","IL","08/06/17 9:16 pm (2 days ago)","Craigslist"
"300XC","2007 Ktm 300 xc","$1,900 (auction)","2007","Laughlin","NV","08/09/17 4:41 pm (23 minutes ago)","eBay"
"KTM 200","2003 ktm exc 200 $1,900","$1,900","2003","Smithville","MO","08/07/17 10:20 pm (1 day ago)","Craigslist"
"CR125","2005 Honda cr125r cr125 CR125R","$1,900","2005","Maricopa","AZ","08/07/17 10:45 pm (1 day ago)","Craigslist"
"YZ125","yz125","$1,899","1987","Wood Heights","MO","08/05/17 3:27 pm (4 days ago)","Craigslist"
"CR250","1996 Honda CR250","$1,899","1996","Santa Cruz","CA","08/09/17 3:13 am (13 hours ago)","Craigslist"
"RM125","2001 Suzuki rm125","$1,850","2001","Wantagh","NY","08/07/17 11:04 pm (1 day ago)","Craigslist"
"YZ250","2003 yz 250","$1,850","2003","Santee","CA","08/08/17 2:08 am (1 day ago)","Craigslist"
"KX250","Nice 2001 Kx 250!","$1,850","2001","Speedway","MO","08/07/17 9:57 pm (1 day ago)","Craigslist"
"CR125","Dirt bike Honda cr 125","$1,850","2001","eden","NY","08/05/17 5:17 pm (3 days ago)","Craigslist"
"KTM 300","1998 KTM 300 EXC","$1,800","1998","Newhall","TX","08/08/17 2:28 pm (1 day ago)","Craigslist"
"KDX 250","1994 KAWASAKI KDX250","$1,800","1994","Sterling Heights","MI","08/08/17 12:39 am (1 day ago)","Craigslist"
"YZ125","Yz125","$1,800","","Los Angeles","CA","08/08/17 12:41 am (1 day ago)","Craigslist"
"YZ125","2004 yz125 for sale or trade","$1,800","2004","Staten Island","NY","08/08/17 1:30 am (1 day ago)","Craigslist"
"KDX 220","Kawasaki KDX 220","$1,800","1999","Lutherville","MD","08/05/17 3:54 pm (4 days ago)","Craigslist"
"CR250","'97 2-Stroke Honda CR250","$1,800","1997","Tigard","OR","08/08/17 4:02 pm (1 day ago)","Craigslist"
"KDX 200","04 kdx 200","$1,800","2004","Madbury","NH","08/07/17 9:17 am (2 days ago)","Craigslist"
"CR250","1988 cr 250","$1,800","1988","lockport ny","NY","08/05/17 1:39 pm (4 days ago)","Craigslist"
"YZ125","Yamaha yz125 dirt bike","$1,800","","Sterling Heights","MI","08/05/17 3:42 am (4 days ago)","Craigslist"
"YZ125","2003 YZ 125","$1,800","2003","Nova","VA","08/08/17 1:14 am (1 day ago)","Craigslist"
"RM250","2000 RM 250 - REBUILT &amp; READY TO RIDE!!","$1,800","2000","Richardson","TX","08/08/17 9:51 pm (19 hours ago)","Craigslist"
"KX250","98 kx 250","$1,800","1998","Conyers","GA","08/07/17 1:03 am (2 days ago)","Craigslist"
"CR125","cr125","$1,800","2001","Marina del Rey","CA","08/09/17 12:52 am (16 hours ago)","Craigslist"
"KTM 250","2000 ktm 250 exc","$1,800","2000","Canton","GA","08/06/17 8:58 pm (2 days ago)","Craigslist"
"YZ125","1999 YZ 125","$1,800","1999","NE Portland","OR","08/05/17 4:42 am (4 days ago)","Craigslist"
"YZ250","YZ 250","$1,800","2006","NW Reno","NV","08/06/17 1:34 am (3 days ago)","Craigslist"
"YZ125","2004 yZ 125","$1,800","2004","Staten Island","NY","08/08/17 1:19 am (1 day ago)","Craigslist"
"CR125","2002 Honda cr125","$1,800","2002","Port orchard","WA","08/08/17 7:50 pm (21 hours ago)","Craigslist"
"YZ250","2001 YZ 250 Motorcross Bike","$1,800","2001","Snohomish","WA","08/07/17 10:17 pm (1 day ago)","Craigslist"
"KTM 400","1994 KTM 400","$1,800","1994","Bend","OR","08/07/17 3:58 pm (2 days ago)","Craigslist"
"CR250","Cr 250r","$1,800","2004","Burbank","CA","08/08/17 4:20 am (1 day ago)","Craigslist"
"RM250","RM 250","$1,800","2001","lindstrom","MN","08/06/17 11:09 pm (2 days ago)","Craigslist"
"CR250","2002 Honda CR 250R","$1,800","2002","San Diego","CA","08/05/17 9:26 am (4 days ago)","eBay"
"KX250","Clean 01 KX 250","$1,800 (auction)","2001","Four Oaks","NC","08/09/17 4:41 pm (23 minutes ago)","eBay"
"KX 500","kawasaki kx 500","$1,800","1988","Poughkeepsie","NY","08/06/17 10:50 pm (2 days ago)","eBay"
"KDX 200","Clean 2003 kdx 200","$1,800","2003","Andover ma","MA","08/09/17 1:18 am (15 hours ago)","Craigslist"
"RM250","2002 Suzuki Rm 250 MotorCross","$1,800","2002","santa rosa","CA","08/08/17 11:55 pm (17 hours ago)","Craigslist"
"RM250","2001 Suzuki RM250, 2 stroke","$1,799","2001","Cottonwood","AZ","08/08/17 5:52 pm (23 hours ago)","Craigslist"
"YZ250","YZ250 YAMAHA YZ 250","$1,780","","LAKE HOUSTON","TX","08/07/17 2:07 am (2 days ago)","Craigslist"
"KTM 400","2000 KTM 400 SX","$1,750","2000","Folsom","CA","08/05/17 4:10 pm (4 days ago)","Craigslist"
"CR125","Honda 2002 cr125","$1,750","2002","Escondido","CA","08/07/17 1:44 pm (2 days ago)","Craigslist"
"KX250","2001 Kawasaki KX250","$1,750","2001","Pengilly MN","MN","08/06/17 8:09 pm (2 days ago)","Craigslist"
"YZ250","99 yz250","$1,750","1999","Griffin","GA","08/08/17 8:32 pm (20 hours ago)","Craigslist"
"KX250","2001 Kawasaki KX 250","$1,750","2001","Yorktown Heights","NY","08/07/17 12:00 am (2 days ago)","Cycle Trader"
"KTM 250","1996 KTM 250 EXC excellent condition low price","$1,740","1996","Edmonds","WA","08/08/17 7:49 pm (21 hours ago)","Craigslist"
"KX 500","1986 kx 500","$1,700","1986","Warren","MI","08/07/17 5:51 pm (1 day ago)","Craigslist"
"YZ125","2002 Yamaha YZ 125","$1,700","2002","Denver","CO","08/08/17 12:28 am (1 day ago)","Craigslist"
"YZ125","2001 yz125","$1,700","2001","Billerica","MA","08/05/17 4:53 pm (4 days ago)","Craigslist"
"CR250","2001 cr250","$1,700","2001","Dicskon","TN","08/06/17 10:11 pm (2 days ago)","Craigslist"
"KDX 200","KDX200 trail bike 2stroke with clean title ready2go.","$1,700","2000","Queens","NY","08/09/17 6:28 am (10 hours ago)","Craigslist"
"YZ250","2000 yz 250","$1,700","2000","Dallas","TX","08/05/17 3:00 pm (4 days ago)","Craigslist"
"YZ250","2000 yz 250","$1,700","2000","Dallas","TX","08/09/17 12:16 am (16 hours ago)","Craigslist"
"KX250","1999 Kawasaki kx250","$1,700","1999","Vancouver","WA","08/05/17 7:21 pm (3 days ago)","Craigslist"
"CR125","Cr125 01","$1,700","2001","Watsonville","CA","08/06/17 5:14 pm (2 days ago)","Craigslist"
"KDX 200","1996 Kawasaki KDX 200","$1,700","1996","Greenway &amp; SR51","AZ","08/09/17 1:03 am (16 hours ago)","Craigslist"
"YZ250","DIRT BIKE Yamaha 1986 YZ250 Great Condition!!","$1,700","1986","Paulding County","GA","08/06/17 2:50 pm (3 days ago)","Craigslist"
"CR125","Cr125","$1,700","2006","Harmony nc","NC","08/07/17 10:59 am (2 days ago)","Craigslist"
"YZ125","2005 Yamaha YZ125","$1,700","2005","Olney, MD","MD","08/08/17 2:57 am (1 day ago)","Craigslist"
"CR125","Super clean 2001 CR125","$1,700","2001","Orland Park","IL","08/05/17 2:16 pm (4 days ago)","Craigslist"
"RM125","RM 125","$1,700","1985","Marblehead","MA","08/08/17 2:01 pm (1 day ago)","Craigslist"
"RM250","2002 rm 250","$1,700","2002","Fishers","IN","08/05/17 6:49 pm (3 days ago)","Craigslist"
"KX125","2002 KX 125 - never raced","$1,700","2002","Washougal","WA","08/07/17 1:26 am (2 days ago)","Craigslist"
"YZ250","1982 Yamaha yz250","$1,700","1982","Nampa Idaho","ID","08/08/17 7:04 pm (22 hours ago)","Craigslist"
"YZ250","2003 Yamaha YZ250","$1,650","2003","Dyer","IN","08/09/17 1:18 am (15 hours ago)","Craigslist"
"KTM 250","1999 KTM 250 EXC - Runs Like New","$1,650","1999","HOUSTON","TX","08/05/17 1:51 pm (4 days ago)","Craigslist"
"YZ250","Yamaha YZ250 2001 model","$1,650","2001","Northside","GA","08/07/17 6:51 pm (1 day ago)","Craigslist"
"CR125","99 honda Cr125r","$1,600","1999","Canton","MI","08/06/17 6:16 am (3 days ago)","Craigslist"
"CR250","1995 Honda CR250R","$1,600","1995","Wickenburg","AZ","08/06/17 6:02 am (3 days ago)","Craigslist"
"KDX 200","2005 Kawasaki KDX 200","$1,600","2005","South shore","MA","08/05/17 8:05 pm (3 days ago)","Craigslist"
"KX250","Kawasaki KX 250","$1,600","2006","Gloucester","MA","08/08/17 5:09 pm (23 hours ago)","Craigslist"
"RM250","1997 SUZUKI RM 250 ( 2 stroke) $1600 ( OBO Cash)","$1,600","1997","Portland","OR","08/07/17 10:06 pm (1 day ago)","Craigslist"
"CR125","2001 Honda cr125r cr 125 cr125","$1,600","2001","China grove","NC","08/07/17 12:13 am (2 days ago)","Craigslist"
"YZ250","2000 yz250","$1,600","2000","alden","NY","08/06/17 2:25 pm (3 days ago)","Craigslist"
"KTM 125 SX","VERY VERY CLEAN, almost like new KTM 125sx","$1,600","2004","Loveland","CO","08/05/17 10:00 pm (3 days ago)","Craigslist"
"YZ125","99 yz125 very nice bike OBO","$1,600","1999","Almont mi","MI","08/07/17 2:32 pm (2 days ago)","Craigslist"
"CR125","2003 cr 125","$1,600","2003","Annapolis","MD","08/06/17 11:51 pm (2 days ago)","Craigslist"
"KX250","1986 Kawasaki kx250","$1,600","1986","north buffalo","NY","08/05/17 2:55 am (4 days ago)","Craigslist"
"RM125","Rm 125","$1,600","2001","Gasport","NY","08/08/17 2:51 am (1 day ago)","Craigslist"
"RM250","2000 Suzuki Rm 250 Motocross Bike","$1,595","2000","BELLMORE","NY","08/09/17 1:55 pm (3 hours ago)","Craigslist"
"CR125","2007 Honda CR85R big wheel like cr85 crf cr125 pit race bike moto x","$1,550","2007","New Prague","MN","08/08/17 1:07 am (1 day ago)","Craigslist"
"CR250","Cr250","$1,500","","Valley center","CA","08/07/17 6:01 am (2 days ago)","Craigslist"
"CR125","2001 Cr125","$1,500","2001","Atlanta","GA","08/07/17 8:58 pm (1 day ago)","Craigslist"
"YZ125","2001 Yamaha yz125","$1,500","2001","Baker city","ID","08/08/17 7:19 pm (21 hours ago)","Craigslist"
"KDX 200","1995 Kawasaki KDX 200","$1,500","1995","East mountains","NM","08/08/17 7:20 pm (21 hours ago)","Craigslist"
"YZ250","02 yamaha yz250","$1,500","2002","Flomaton","FL","08/05/17 1:57 pm (4 days ago)","Craigslist"
"CR125","Honda CR125","$1,500","1998","Plymouth","MI","08/07/17 12:50 am (2 days ago)","Craigslist"
"YZ125","01 yz125","$1,500","2001","Omaha","NE","08/05/17 11:39 pm (3 days ago)","Craigslist"
"KTM 250","KTM 250","$1,500","2012","Manhattan","NY","08/08/17 8:24 pm (20 hours ago)","Craigslist"
"RM125","99 rm 125","$1,500","1999","Sioux city","IA","08/05/17 4:45 pm (4 days ago)","Craigslist"
"KDX 200","* * 1985 Kawasaki KDX 200 * *","$1,500","1985","Nampa","ID","08/08/17 5:22 am (1 day ago)","Craigslist"
"KTM 200","2001 KTM EXC 200","$1,500","2001","SHERWOOD","OR","08/07/17 3:51 am (2 days ago)","Craigslist"
"CR125","Honda CR125 2-stroke","$1,500","","Minneapolis","MN","08/06/17 8:39 pm (2 days ago)","Craigslist"
"KDX 220","Kawasaki KDX 220","$1,500","","Thornton Co","CO","08/05/17 7:27 pm (3 days ago)","Craigslist"
"YZ125","yamaha yz 125","$1,500","2000","ginsville","GA","08/09/17 2:41 am (14 hours ago)","Craigslist"
"YZ125","2002 yamaha yz125","$1,500","2002","Blaine","MN","08/08/17 3:09 am (1 day ago)","Craigslist"
"YZ125","02 yz 125","$1,500","2002","Wahiaw?","HI","08/06/17 10:17 pm (2 days ago)","Craigslist"
"YZ125","1991 yz125","$1,500","1991","Denver","CO","08/06/17 11:57 pm (2 days ago)","Craigslist"
"KDX 200","1995 KDX 200","$1,500","1995","Arizona City","AZ","08/08/17 9:32 pm (19 hours ago)","Craigslist"
"KTM 300","2010 KTM 300 XC-W Electric Start","$1,500","2010","Omaha","NE","08/08/17 6:37 pm (22 hours ago)","Craigslist"
"RM250","2001 Suzuki RM250","$1,500","2001","Indianapolis","IN","08/07/17 12:04 am (2 days ago)","Craigslist"
"YZ125","2005 yamaha yz125","$1,500","2005","Wahiawa","HI","08/07/17 7:13 pm (1 day ago)","Craigslist"
"YZ125","2003 yz125 2 stroke","$1,500","2003","Honolulu","HI","08/08/17 7:48 am (1 day ago)","Craigslist"
"KX250","91 kx250 2stroke","$1,500","1991","Littleton","CO","08/08/17 2:26 am (1 day ago)","Craigslist"
"YZ250","Yamaha YZ 250 2003","$1,500","2003","Vista","CA","08/07/17 1:53 am (2 days ago)","Craigslist"
"YZ125","2004 YZ 125","$1,500","2004","Bonita","CA","08/08/17 8:05 pm (20 hours ago)","Craigslist"
"CR250","95 CR250R Honda","$1,500","1995","Porter","TX","08/08/17 5:10 am (1 day ago)","Craigslist"
"YZ125","1997 yz125 original mint","$1,500","1997","Denver","CO","08/06/17 11:46 pm (2 days ago)","Craigslist"
"YZ250","03 YZ 250 two stroke","$1,500","2003","Dallas","GA","08/08/17 11:29 pm (17 hours ago)","Craigslist"
"KTM 125 SX","Ktm 125sx","$1,500","1999","Clear lake wi","WI","08/08/17 11:39 pm (17 hours ago)","Craigslist"
"RM250","2005 rm 250","$1,500 (auction)","2005","Hopatcong","NJ","08/09/17 4:41 pm (23 minutes ago)","eBay"
"KX250","2000 kawasaki kx 250- $1800","$1,500","2000","warren","MI","08/06/17 6:42 pm (2 days ago)","Craigslist"
"YZ125","2003 yz125 (144)","$1,500","2003","Middleboro","MA","08/07/17 3:39 am (2 days ago)","Craigslist"
"KTM 300","1995 KTM exc 300","$1,500","1995","manhattan","MO","08/06/17 2:19 am (3 days ago)","Craigslist"
"CR125","2000 cr125r","$1,500","2000","Cincinnati","OH","08/05/17 2:47 pm (4 days ago)","Craigslist"
"KX250","2005 Kawasaki KX 250","$1,500","2005","Caldwell","OH","08/01/17 12:00 am (8 days ago)","Cycle Trader"
"KDX 250","1981 Kawasaki KDX 250","$1,500","1981","Whitewater","CO","08/01/17 12:00 am (8 days ago)","Cycle Trader"
"RM125","1999 Suzuki RM125","$1,500","1999","Oviedo","FL","08/01/17 12:00 am (8 days ago)","Cycle Trader"
"KTM 250","1991 KTM 250 5 speed Bike","$1,495","1991","Mulino","OR","08/08/17 9:35 pm (19 hours ago)","Craigslist"
"KDX 200","1999' Kawasaki KDX 200 , 6 Speed , 2 Stroke , Super Clean &amp; Fast !","$1,450","1999","Sun valley","CA","08/06/17 5:12 pm (2 days ago)","Craigslist"
"RM250","Dirtbike RM250 Suzuki","$1,450","","Topeka","MO","08/07/17 7:01 pm (1 day ago)","Craigslist"
"YZ250","1985 yz 250","$1,400","1985","dracut","MA","08/05/17 1:49 am (4 days ago)","Craigslist"
"CR125","1984 Honda CR125R - Fresh Rebuild","$1,400","1984","Acworth","GA","08/08/17 8:38 pm (20 hours ago)","Craigslist"
"RM125","2001 rm125","$1,400","2001","Toccoa ga","GA","08/07/17 3:39 pm (2 days ago)","Craigslist"
"CR125","2000 Cr125 Honda","$1,400","2000","Lake Tapps","WA","08/09/17 1:11 am (15 hours ago)","Craigslist"
"YZ125","03 yz125 trade","$1,400","2003","Southwest indy","IN","08/06/17 5:25 am (3 days ago)","Craigslist"
"YZ250","garage fresh 1980 yamaha yz250","$1,400","1980","leicester","MA","08/05/17 12:51 pm (4 days ago)","Craigslist"
"KX125","2001 kx125","$1,400","2001","Bronx","NY","08/05/17 8:16 pm (3 days ago)","Craigslist"
"CR250","1989 Honda cr250 with extras","$1,400","1989","North Phoenix","AZ","08/07/17 5:59 pm (1 day ago)","Craigslist"
"KX125","KX 125 Perfect!","$1,400","1997","south chicago","IL","08/06/17 1:11 pm (3 days ago)","Craigslist"
"YZ125","YAMAHA YZ 125 2002","$1,400","2002","Shakopee","MN","08/09/17 3:02 am (14 hours ago)","Craigslist"
"YZ125","2001 yz125","$1,400","2001","Highland","MI","08/06/17 10:07 pm (2 days ago)","Craigslist"
"KX250","1999 kx250 kx 250","$1,400 (auction)","1999","Chapmanville","WV","08/09/17 4:41 pm (23 minutes ago)","eBay"
"KX250","Kawasaki kx250","$1,350","","Brooksville","FL","08/07/17 3:19 pm (2 days ago)","Craigslist"
"YZ125","yz 125 2004","$1,350","2004","Cave Creek","AZ","08/05/17 9:09 pm (3 days ago)","Craigslist"
"CR125","1995 Cr125","$1,300","1995","Marengo","IL","08/07/17 4:19 pm (2 days ago)","Craigslist"
"YZ125","2002 Yamaha yz125","$1,300","2002","Whitesburg","GA","08/08/17 8:48 pm (20 hours ago)","Craigslist"
"YZ125","1974 YZ 125 175 yamaha","$1,300","1974","Newcastle","CA","08/08/17 5:38 pm (23 hours ago)","Craigslist"
"YZ125","2003 Yamaha YZ125","$1,295","2003","NE ALBUQ.","NM","08/05/17 2:30 pm (4 days ago)","Craigslist"
"KX125","1998 Kawasaki kx125","$1,250","1998","Encino","CA","08/07/17 2:59 pm (2 days ago)","Craigslist"
"KX125","Kawasaki kx 125","$1,250","","Pine Grove","CA","08/08/17 2:12 am (1 day ago)","Craigslist"
"YZ250","2001 YZ250 2 stroke","$1,250","2001","Saint Charles","IL","08/08/17 3:13 pm (1 day ago)","Craigslist"
"YZ250","1983 Yamaha YZ 250","$1,250","1983","Elkhart","IN","08/07/17 12:00 am (2 days ago)","Cycle Trader"
"RM125","1978 Suzuki RM125","$1,245","1978","Monticello","IA","07/27/17 12:00 am (13 days ago)","Cycle Trader"
"CR125","1999 Honda CR125 dirt bike CR 125 two stroke","$1,240","1999","Gorin","MO","08/08/17 4:12 pm (1 day ago)","eBay"
"YZ125","YZ 125","$1,200","","Burleson","TX","08/06/17 10:58 pm (2 days ago)","Craigslist"
"YZ125","2003 YAMAHA YZ125","$1,200","2003","tacoma","WA","08/08/17 2:37 am (1 day ago)","Craigslist"
"CR250","2003 Cr250 $1200","$1,200","2003","El Cajon","CA","08/08/17 10:37 pm (18 hours ago)","Craigslist"
"YZ125","2003 yz 125","$1,200","2003","Manoa","HI","08/06/17 1:34 am (3 days ago)","Craigslist"
"RM125","1995 suzuki RM125","$1,200","1995","Bonney lake","WA","08/08/17 4:36 am (1 day ago)","Craigslist"
"RM250","1997 Suzuki RM250","$1,200","1997","Sugar Land","TX","08/08/17 3:09 pm (1 day ago)","Craigslist"
"KTM 250","1998 ktm 250 sx","$1,200","1998","Camp Pendleton","CA","08/05/17 11:33 pm (3 days ago)","Craigslist"
"KX250","1993 KX250","$1,200","1993","Rochester","MN","08/07/17 3:04 pm (2 days ago)","Craigslist"
"KX125","Kawasaki kx125","$1,200","1990","Morristown","AZ","08/08/17 12:56 am (1 day ago)","Craigslist"
"YZ250","1993 Yz250 with ramps and helmet","$1,200","1993","North adams","MA","08/07/17 3:13 pm (2 days ago)","Craigslist"
"YZ250","1994 Yamaha 2 Stroke YZ250","$1,200","1994","san jose north","CA","08/09/17 5:26 am (11 hours ago)","Craigslist"
"KX125","1984 Kawasaki KX125","$1,200","1984","Peoria","AZ","08/07/17 3:54 pm (2 days ago)","eBay"
"RM125","Suzuki rm 125","$1,200","1999","Sudbury","MA","08/07/17 5:54 pm (1 day ago)","Craigslist"
"YZ125","1998 Yamaha yz 125","$1,200","1998","Monee","IL","08/07/17 1:33 am (2 days ago)","Craigslist"
"KX250","1979 Kawasaki KX 250","$1,200","1979","Cleveland","OH","07/22/17 12:00 am (18 days ago)","Cycle Trader"
"CR125","1982 Honda CR125 Vintage Red Racer Elsinore Rare Fast Fun","$1,150","1982","Gresham","OR","08/08/17 4:44 am (1 day ago)","Craigslist"
"KDX 200","for sale 1991 kdx200 off road enduro","$1,100","1991","Maspeth","NY","08/07/17 6:24 pm (1 day ago)","Craigslist"
"KDX 200","1989 kdx 200","$1,100","1989","willamina","OR","08/07/17 2:00 am (2 days ago)","Craigslist"
"KDX 200","Kawawsaki KDX200 - Green Tag - Clean CA Title - Runs Great","$1,100","","Huntington Beach","CA","08/06/17 10:02 pm (2 days ago)","Craigslist"
"KX250","97 KX 250","$1,100","1997","lake county","CA","08/06/17 12:00 am (3 days ago)","Craigslist"
"CR250","1990 Honda CR250","$1,100","1990","Sherborn","MA","08/07/17 2:32 am (2 days ago)","Craigslist"
"KX125","2004 Kawasaki kx125 dirt bike powdercoated hot pink","$1,100","2004","novato","CA","08/07/17 7:11 pm (1 day ago)","Craigslist"
"RM250","1999 rm250","$1,100","1999","Buffalo","NY","08/07/17 2:23 pm (2 days ago)","Craigslist"
"RM250","SUZUKI RM 250 MOTORCYCLE","$1,100","1984","Lake Worth","TX","08/07/17 2:35 am (2 days ago)","Craigslist"
"CR125","2000 cr 125 r","$1,100","2000","St George","UT","08/05/17 7:49 pm (3 days ago)","Craigslist"
"RM125","Suzuki rm 125 2004","$1,100","2004","Chula Vista","CA","08/09/17 1:07 am (15 hours ago)","Craigslist"
"KX 500","1993 Kawasaki KX 500","$1,099","1993","San Angelo","TX","08/05/17 12:00 am (4 days ago)","Cycle Trader"
"YZ125","2002 yz125 DIRT BIKE","$1,000","2002","Boston","MA","08/08/17 7:53 pm (21 hours ago)","Craigslist"
"KX125","1989 Kawasaki KX125 runs great! $1000 OBO","$1,000","1989","Waterford","MI","08/07/17 12:29 pm (2 days ago)","Craigslist"
"KDX 200","1991 Kawasaki KDX200","$1,000","1991","Stafford, VA","VA","08/05/17 1:49 am (4 days ago)","Craigslist"
"KTM 525","'03 ktm 525 exc","$1,000","2003","Bremerton","WA","08/07/17 10:17 pm (1 day ago)","Craigslist"
"KDX 200","Kdx 200 1985","$1,000","1985","Sarasota","FL","08/07/17 10:46 am (2 days ago)","Craigslist"
"KX125","KX 125","$1,000","1993","Oregon City","OR","08/06/17 5:28 pm (2 days ago)","Craigslist"
"KTM 250","2003 KTM 250 EXC Dirt Bike Green Sticker (needs top end rebuild) Trade","$1,000","2003","hayward / castro valley","CA","08/05/17 10:47 am (4 days ago)","Craigslist"
"KDX 250","1982 kdx250","$1,000","1982","Las Vegas","NV","08/05/17 3:27 pm (4 days ago)","Craigslist"
"KTM 250","2011 KTM 250XC","$1,000","2011","Woodstock","GA","08/08/17 1:42 pm (1 day ago)","Craigslist"
"RM125","Rm125","$1,000","","Orland Park","IL","08/08/17 12:23 am (1 day ago)","Craigslist"
"KX125","1995 KX125","$1,000","1995","Desoto","TX","08/06/17 2:31 pm (3 days ago)","Craigslist"
"YZ250","2002 yamaha yz250","$1,000","2002","lancaster","NC","08/07/17 7:26 pm (1 day ago)","Craigslist"
"CR250","2001 Honda Cr 250","$1,000","2001","Rochester, Mn","MN","08/08/17 12:06 am (1 day ago)","Craigslist"
"CR500","1985 honda cr500r cr500 500 cr 2 stroke","$1,000 (auction)","1985","Reno","NV","08/07/17 12:30 am (2 days ago)","eBay"
"YZ250","1990 yz250 running and registered","$1,000","1990","La crescenta","CA","08/06/17 5:05 pm (2 days ago)","Craigslist"
"YZ125","Clean Yamaha YZ125 1999","$950","1999","Norwalk","CA","08/08/17 12:06 am (1 day ago)","Craigslist"
"YZ125","Yz 125","$950","2002","Savannah, Tx","TX","08/09/17 2:25 pm (2 hours ago)","Craigslist"
"YZ125","Yamaha YZ125 Clean","$900","1999","Norwalk","CA","08/07/17 3:49 am (2 days ago)","Craigslist"
"YZ125","98 yz125","$900","1998","Gallatin","TN","08/07/17 10:38 pm (1 day ago)","Craigslist"
"YZ125","Yamaha YZ125","$900","1990","Warren","MI","08/08/17 12:07 pm (1 day ago)","Craigslist"
"KDX 200","Kawasaki kdx200","$850","","Grand Prairie","TX","08/07/17 11:11 pm (1 day ago)","Craigslist"
"CR250","1989 Honda CR250","$800 (auction)","1989","Crown Point","IN","08/09/17 4:41 pm (23 minutes ago)","eBay"
"KTM 250","1980 KTM 250","$800","1980","Phoenix","AZ","08/06/17 9:06 pm (2 days ago)","Craigslist"
"KX 500","1994 Kawasaki KX 500","$750","1994","Nampa","ID","08/08/17 3:37 am (1 day ago)","Craigslist"
"KTM 250","1991 KTM 250 EXC, Green Sticker, great bike, but needs some attention","$700","1991","san mateo","CA","08/09/17 3:11 am (13 hours ago)","Craigslist"
"KTM 525","2003 ktm 525sx for sale","$700","2003","Albuquerque","NM","08/07/17 5:46 pm (1 day ago)","Craigslist"
"YZ125","Yamaha YZ125","$100 (auction)","1996","Huntington Station","NY","08/09/17 4:41 pm (23 minutes ago)","eBay"
"YZ250","Yamaha YZ250 Boyesen Rad Valve YZ 250 125 reed valve","$40 (auction)","2009","Worthington","PA","08/06/17 1:23 am (3 days ago)","eBay"
